fighter,height_cm,reach_cm,stance,dob,wins,losses,draws,slpm,str_acc,sapm,str_def,td_avg,td_acc,td_def,sub_avg
AJ Cunningham,177.8,180.3,Orthodox,"Sep 07, 1994",11,5,0,4.22,0.29,6.31,0.48,0.0,0.0,0.46,0.5
AJ Dobson,185.4,193.0,Orthodox,"Jan 18, 1992",7,3,0,4.29,0.46,5.31,0.46,1.67,0.75,0.65,0.3
AJ Fletcher,177.8,170.2,Switch,"Feb 18, 1997",10,3,0,3.36,0.49,4.61,0.46,1.54,0.35,0.33,0.9
Aaron Phillips,175.3,180.3,Southpaw,"Aug 05, 1989",12,5,0,1.51,0.53,3.66,0.43,0.86,0.5,0.44,0.6
Aaron Pico,172.7,177.8,Orthodox,"Sep 23, 1996",14,5,0,6.16,0.53,3.11,0.45,6.54,0.5,0.0,0.0
Abdul Rakhman Yakhyaev,188.0,198.1,Orthodox,"Mar 01, 2001",9,0,0,7.4,0.67,2.3,0.57,11.49,0.75,1.0,7.7
Abdul Razak Alhassan,177.8,185.4,Orthodox,"Aug 11, 1985",12,7,0,3.64,0.49,4.01,0.54,0.84,0.33,0.51,0.2
Abdul-Kareem Al-Selwady,172.7,175.3,Orthodox,"Apr 10, 1995",16,4,0,4.61,0.41,3.43,0.6,1.47,0.23,0.54,0.0
Abu Azaitar,175.3,193.0,Orthodox,"Mar 10, 1986",14,4,1,4.38,0.43,4.32,0.51,1.0,0.37,0.42,0.0
Abubakar Nurmagomedov,180.3,182.9,Orthodox,"Nov 13, 1989",17,4,1,2.78,0.53,2.61,0.65,1.25,0.22,0.88,0.0
Abus Magomedov,188.0,198.1,Orthodox,"Sep 02, 1990",28,7,1,3.07,0.49,3.43,0.55,2.61,0.59,1.0,0.4
Adam Fugitt,185.4,195.6,Southpaw,"Jan 12, 1989",10,6,0,4.88,0.46,5.33,0.51,1.63,0.22,0.5,0.0
Adrian Yanez,170.2,177.8,Orthodox,"Nov 29, 1993",17,6,1,5.96,0.41,5.24,0.56,0.0,0.0,0.75,0.0
Aiemann Zahabi,172.7,172.7,Orthodox,"Nov 19, 1987",14,2,0,4.54,0.47,4.08,0.69,0.12,0.14,0.83,0.0
Ailin Perez,165.1,167.6,Switch,"Oct 05, 1994",13,2,0,2.88,0.56,1.58,0.56,4.9,0.49,0.72,0.2
Alatengheili,165.1,167.6,Orthodox,"Dec 14, 1991",17,10,2,2.82,0.32,5.12,0.57,1.74,0.43,0.75,0.0
Albert Duraev,180.3,190.5,Orthodox,"Jan 05, 1989",16,5,0,2.99,0.4,3.01,0.59,1.97,0.29,0.66,0.6
Alberto Montes,170.2,175.3,Orthodox,"May 31, 1994",12,1,0,5.26,0.6,4.44,0.6,0.0,0.0,0.77,6.8
Alden Coria,172.7,170.2,Orthodox,"Apr 24, 1998",12,3,0,4.69,0.44,2.4,0.69,1.75,0.5,0.71,0.0
Aleksa Camur,185.4,188.0,Orthodox,"Sep 25, 1995",6,3,0,4.73,0.57,4.26,0.54,0.46,0.22,0.5,0.0
Aleksandar Rakic,193.0,198.1,Orthodox,"Feb 06, 1992",14,6,0,4.13,0.5,2.86,0.51,0.64,0.21,0.85,0.1
Aleksandre Topuria,170.2,172.7,Orthodox,"Jan 28, 1996",7,1,0,2.93,0.55,2.57,0.68,1.5,0.33,1.0,0.0
Alessandro Costa,162.6,170.2,Orthodox,"Jan 28, 1996",15,5,0,3.73,0.45,3.72,0.56,0.79,0.26,0.86,0.4
Alex Caceres,177.8,185.4,Southpaw,"Jun 20, 1988",21,15,0,4.21,0.49,3.09,0.62,0.54,0.68,0.64,0.7
Alex Morono,180.3,182.9,Orthodox,"Aug 16, 1990",24,13,0,4.9,0.39,4.88,0.55,0.32,0.24,0.47,0.3
Alex Pereira,193.0,200.7,Orthodox,"Jul 07, 1987",13,3,0,5.16,0.62,3.5,0.53,0.11,0.5,0.79,0.2
Alex Perez,167.6,165.1,Orthodox,"Mar 21, 1992",26,10,0,4.41,0.46,3.2,0.59,2.21,0.48,0.75,0.7
Alex Reyes,180.3,185.4,Orthodox,"Oct 02, 1986",13,5,0,4.46,0.46,6.92,0.48,1.5,0.28,0.0,0.0
Alexa Grasso,165.1,167.6,Orthodox,"Aug 09, 1993",17,5,1,4.11,0.41,3.71,0.58,0.4,0.35,0.54,0.7
Alexander Hernandez,175.3,182.9,Orthodox,"Oct 01, 1992",18,8,0,4.31,0.4,4.5,0.59,1.14,0.36,0.73,0.1
Alexander Munoz,175.3,182.9,Switch,"Feb 27, 1990",7,2,0,3.7,0.42,4.73,0.55,3.0,0.4,1.0,0.0
Alexander Volkanovski,167.6,180.3,Orthodox,"Sep 29, 1988",28,4,0,5.99,0.57,3.31,0.58,1.63,0.34,0.68,0.2
Alexander Volkov,200.7,203.2,Orthodox,"Oct 24, 1988",39,11,0,4.78,0.57,2.86,0.53,0.57,0.66,0.68,0.2
Alexandr Romanov,188.0,190.5,Southpaw,"Dec 11, 1990",18,3,0,3.78,0.51,2.13,0.54,4.49,0.55,0.28,0.9
Alexandre Pantoja,165.1,170.2,Orthodox,"Apr 16, 1990",30,6,0,4.38,0.5,3.88,0.49,2.79,0.47,0.69,1.0
Alexia Thainara,162.6,170.2,Orthodox,"Nov 20, 1995",14,1,0,4.62,0.43,2.46,0.59,4.54,0.57,1.0,1.8
Alibi Idiris,167.6,172.7,Orthodox,"Oct 22, 1994",11,1,0,2.51,0.44,2.64,0.6,3.25,0.31,0.66,0.0
Alice Ardelean,160.0,157.5,Orthodox,"Apr 19, 1992",11,7,0,7.35,0.45,5.2,0.62,1.0,0.44,0.85,0.0
Alice Pereira,172.7,180.3,Orthodox,"Dec 20, 2005",7,1,0,2.83,0.36,3.11,0.66,0.0,0.0,0.75,0.0
Aljamain Sterling,170.2,180.3,Orthodox,"Jul 31, 1989",25,5,0,4.45,0.52,2.21,0.59,2.45,0.3,0.44,0.6
Allan Nascimento,172.7,175.3,Orthodox,"Sep 11, 1991",22,6,0,3.06,0.55,2.53,0.52,1.26,0.23,0.37,1.1
Allen Frye Jr.,195.6,203.2,Orthodox,"Apr 15, 1998",6,1,0,2.2,0.38,4.27,0.36,0.0,0.0,0.0,0.0
Alonzo Menifield,182.9,193.0,Orthodox,"Oct 18, 1987",17,6,1,3.77,0.53,3.81,0.5,0.5,0.31,0.78,0.2
Alvin Hines,188.0,188.0,Orthodox,"Oct 20, 1991",7,1,0,5.47,0.31,7.47,0.38,1.0,0.1,0.0,0.0
Amanda Lemos,162.6,165.1,Southpaw,"May 22, 1987",15,6,1,2.75,0.55,3.01,0.45,1.02,0.64,0.63,0.7
Amanda Nunes,172.7,175.3,Orthodox,"May 30, 1988",23,5,0,4.55,0.51,2.62,0.57,2.73,0.54,0.82,0.7
Amanda Ribas,162.6,167.6,Orthodox,"Aug 26, 1993",13,7,0,4.26,0.39,3.29,0.6,2.05,0.52,0.82,0.6
Amir Albazi,165.1,172.7,Orthodox,"Oct 27, 1993",17,3,0,2.47,0.33,3.88,0.59,1.18,0.25,0.62,0.4
Andre Fialho,182.9,188.0,Orthodox,"Apr 07, 1994",16,8,0,3.3,0.41,6.26,0.45,0.25,1.0,0.66,0.0
Andre Fili,180.3,188.0,Orthodox,"Jun 25, 1990",25,13,0,3.88,0.37,4.34,0.5,2.32,0.46,0.71,0.2
Andre Lima,170.2,170.2,Orthodox,"Feb 04, 1999",11,0,0,4.06,0.6,2.49,0.57,1.36,0.75,0.75,1.1
Andre Muniz,185.4,198.1,Southpaw,"Feb 17, 1990",24,8,0,2.08,0.48,2.46,0.51,3.98,0.48,0.35,1.1
Andre Petroski,182.9,185.4,Switch,"Jun 12, 1991",13,6,0,2.81,0.49,2.79,0.53,3.15,0.51,0.86,1.3
Andrea Lee,167.6,175.3,Orthodox,"Feb 11, 1989",13,11,0,4.62,0.45,3.91,0.61,1.65,0.52,0.53,0.6
Andreas Gustafsson,185.4,185.4,Orthodox,"Feb 20, 1991",12,3,0,5.82,0.71,3.63,0.45,6.19,0.58,1.0,0.0
Andrei Arlovski,190.5,195.6,Orthodox,"Feb 04, 1979",34,24,0,3.82,0.45,3.22,0.57,0.37,0.35,0.76,0.2
Andrey Pulyaev,193.0,198.1,Southpaw,"Sep 10, 1997",10,4,0,3.84,0.56,3.14,0.55,0.29,0.16,0.64,0.0
Ange Loosa,177.8,188.0,Orthodox,"Mar 18, 1993",10,5,0,5.46,0.46,6.59,0.52,2.53,0.39,0.83,0.2
Angel Pacheco,172.7,177.8,Orthodox,"Jan 13, 1992",7,4,0,7.58,0.36,10.56,0.41,0.33,0.5,0.16,0.0
Angela Hill,160.0,162.6,Orthodox,"Jan 12, 1985",18,16,0,5.37,0.5,5.02,0.6,0.75,0.3,0.72,0.1
Anshul Jubli,182.9,175.3,Switch,"Jan 13, 1995",7,2,0,6.42,0.46,5.72,0.5,0.81,0.18,0.63,0.4
Ante Delija,190.5,198.1,Orthodox,"Aug 07, 1990",26,8,0,4.28,0.38,3.95,0.52,0.0,0.0,0.75,0.0
Anthony Hernandez,182.9,190.5,Orthodox,"Oct 18, 1993",15,3,0,4.57,0.6,3.1,0.51,5.88,0.48,0.68,1.6
Anthony Smith,193.0,193.0,Orthodox,"Jul 26, 1988",38,22,0,3.19,0.49,5.04,0.44,0.44,0.22,0.5,0.6
Anton Turkalj,193.0,198.1,Orthodox,"Jun 10, 1996",8,4,0,2.45,0.42,3.42,0.54,4.98,0.41,0.16,0.0
Antonio Trocoli,195.6,203.2,Orthodox,"Dec 06, 1990",12,7,0,1.27,0.47,5.3,0.26,0.88,0.09,0.42,0.4
Aoriqileng,170.2,175.3,Orthodox,"Jun 25, 1993",26,12,0,4.69,0.49,5.47,0.48,1.2,0.46,0.58,0.0
Ariane Carnelossi,157.5,154.9,Orthodox,"Nov 17, 1992",15,4,0,2.63,0.38,4.61,0.44,1.08,0.5,0.22,0.2
Ariane da Silva,167.6,170.2,Orthodox,"Jan 26, 1994",17,11,0,4.05,0.41,4.4,0.5,0.47,0.38,0.68,0.3
Arman Tsarukyan,170.2,182.9,Orthodox,"Oct 11, 1996",23,3,0,3.85,0.5,1.8,0.54,3.26,0.37,0.75,0.1
Armen Petrosyan,190.5,180.3,Orthodox,"Nov 03, 1990",9,5,0,5.84,0.53,3.31,0.53,0.17,0.33,0.41,0.0
Arnold Allen,172.7,177.8,Southpaw,"Jan 22, 1994",20,4,0,3.47,0.42,3.04,0.6,0.86,0.47,0.71,0.3
Ashlee Evans-Smith,172.7,170.2,Orthodox,"Jul 09, 1987",6,6,0,4.03,0.34,4.59,0.53,0.95,0.22,0.5,0.0
Ashley Yoder,170.2,175.3,Southpaw,"Oct 20, 1987",8,9,0,3.42,0.39,4.13,0.47,1.09,0.27,0.66,0.6
Asu Almabayev,162.6,165.1,Orthodox,"Jan 25, 1994",23,3,0,2.31,0.5,1.99,0.53,4.46,0.42,0.44,1.5
Ateba Gautier,193.0,205.7,Switch,"Apr 10, 2002",10,1,0,4.44,0.48,2.93,0.52,0.49,1.0,0.92,0.0
Augusto Sakai,190.5,195.6,Orthodox,"May 09, 1991",16,5,1,4.6,0.49,3.83,0.48,0.23,0.4,0.56,0.0
Austen Lane,198.1,203.2,Orthodox,"Nov 09, 1987",13,8,0,2.7,0.5,2.45,0.39,1.5,0.28,0.33,0.0
Austin Bashi,167.6,177.8,Orthodox,"Sep 29, 2001",14,1,0,1.75,0.47,2.34,0.48,7.81,0.41,0.62,1.7
Austin Hubbard,177.8,180.3,Orthodox,"Dec 22, 1991",17,10,0,3.97,0.42,4.1,0.55,1.63,0.28,0.68,0.1
Austin Lingo,177.8,177.8,Orthodox,"Jul 10, 1994",9,3,0,3.86,0.37,4.86,0.57,0.43,0.66,0.75,0.0
Austin Vanderford,180.3,188.0,Orthodox,"Mar 21, 1990",13,3,0,3.04,0.59,2.71,0.48,3.08,0.35,1.0,1.2
Axel Sola,182.9,188.0,Southpaw,"Sep 17, 1997",11,1,1,4.07,0.45,5.29,0.61,2.22,0.36,0.0,0.0
Azamat Bekoev,182.9,182.9,Orthodox,"Dec 30, 1995",20,5,0,4.57,0.52,6.83,0.31,3.48,0.43,0.62,0.0
Azamat Murzakanov,177.8,180.3,Southpaw,"Apr 12, 1989",16,1,0,4.4,0.56,3.2,0.56,0.68,0.2,0.88,0.2
Azat Maksum,170.2,177.8,Southpaw,"Feb 02, 1995",15,3,0,2.75,0.27,4.25,0.52,3.5,0.31,0.85,0.2
Baergeng Jieleyisi,175.3,180.3,Orthodox,"Nov 24, 1995",18,7,0,1.61,0.35,2.62,0.52,1.73,0.38,0.78,0.2
Baisangur Susurkaev,188.0,200.7,Orthodox,"Jan 08, 2001",11,0,0,4.56,0.59,3.78,0.53,2.76,0.28,1.0,0.7
Bassil Hafez,180.3,182.9,Orthodox,"Jan 31, 1992",9,4,1,3.71,0.38,5.68,0.41,2.21,0.24,0.5,0.0
Batgerel Danaa,170.2,177.8,Orthodox,"Jul 04, 1989",12,5,0,5.38,0.36,4.21,0.47,0.52,0.5,0.62,0.0
Bekzat Almakhan,170.2,172.7,Orthodox,"Oct 08, 1997",12,3,0,1.61,0.34,3.73,0.36,0.0,0.0,0.41,0.0
Belal Muhammad,180.3,182.9,Orthodox,"Jul 09, 1988",24,5,0,4.43,0.43,3.82,0.55,2.14,0.36,0.9,0.1
Benardo Sopaj,167.6,167.6,Orthodox,"Sep 25, 2000",12,3,0,4.24,0.56,4.88,0.49,2.53,0.71,0.76,0.0
Beneil Dariush,177.8,182.9,Southpaw,"May 06, 1989",23,7,1,3.78,0.49,2.62,0.57,2.11,0.38,0.82,0.8
Benoit Saint Denis,180.3,185.4,Southpaw,"Dec 18, 1995",17,3,0,5.62,0.58,4.09,0.42,4.19,0.35,0.72,1.8
Bia Mesquita,162.6,170.2,Orthodox,"Apr 07, 1991",7,0,0,5.78,0.6,0.64,0.8,4.81,0.75,0.0,3.2
Bill Algeo,182.9,185.4,Switch,"Jun 09, 1989",18,9,0,5.88,0.51,4.38,0.47,1.03,0.5,0.55,0.1
Billy Elekana,190.5,195.6,Southpaw,"May 28, 1995",10,2,0,2.71,0.56,3.59,0.46,0.85,0.22,0.0,0.8
Billy Quarantillo,177.8,177.8,Orthodox,"Dec 08, 1988",18,7,0,7.44,0.54,5.83,0.42,1.47,0.24,0.61,1.0
Billy Ray Goff,177.8,182.9,Switch,"Jun 18, 1998",9,4,0,7.51,0.46,5.02,0.59,1.75,0.16,0.66,0.0
Blagoy Ivanov,180.3,185.4,Southpaw,"Oct 09, 1986",19,6,0,3.25,0.4,4.2,0.53,0.69,0.4,0.61,0.1
Blake Bilder,172.7,172.7,Switch,"Jul 12, 1990",8,2,1,3.81,0.48,4.15,0.53,0.31,0.07,0.71,0.6
Blood Diamond,180.3,193.0,Switch,"Jul 10, 1988",3,3,0,3.12,0.55,2.17,0.48,0.0,0.0,0.73,0.0
Bo Nickal,185.4,193.0,Southpaw,"Jan 14, 1996",8,1,0,3.35,0.61,2.07,0.59,3.1,0.55,1.0,2.5
Bogdan Grad,172.7,177.8,Orthodox,"Sep 28, 1995",15,4,0,4.06,0.51,5.06,0.49,4.22,0.4,0.75,0.0
Bogdan Guskov,190.5,193.0,Orthodox,"Sep 12, 1992",18,3,1,4.57,0.55,4.09,0.44,0.0,0.0,0.57,0.7
Bolaji Oki,177.8,185.4,Orthodox,"Nov 15, 1995",10,4,0,6.42,0.45,5.12,0.61,1.02,0.57,0.75,0.0
Brad Katona,167.6,162.6,Orthodox,"Dec 19, 1991",16,5,0,4.81,0.52,4.75,0.5,1.86,0.34,0.61,0.0
Brad Tavares,185.4,188.0,Orthodox,"Dec 21, 1987",21,13,0,3.41,0.43,3.32,0.54,0.7,0.26,0.8,0.0
Brady Hiestand,172.7,180.3,Orthodox,"Apr 30, 1999",9,2,0,2.7,0.5,3.75,0.51,4.8,0.46,0.42,1.1
Brando Pericic,195.6,200.7,Orthodox,"Aug 03, 1994",6,1,0,12.91,0.64,3.23,0.55,0.0,0.0,0.8,0.0
Brandon Moreno,170.2,177.8,Orthodox,"Dec 07, 1993",23,10,2,3.84,0.44,3.64,0.59,1.36,0.39,0.65,0.4
Brandon Royval,175.3,172.7,Southpaw,"Aug 16, 1992",17,9,0,5.54,0.41,4.25,0.43,0.65,0.75,0.45,1.1
Braxton Smith,180.3,182.9,Orthodox,"Jan 01, 1990",5,2,0,6.46,0.48,11.54,0.32,0.0,0.0,1.0,0.0
Brendan Allen,188.0,190.5,Orthodox,"Dec 28, 1995",26,7,0,3.59,0.53,3.62,0.47,1.56,0.42,0.56,1.1
Brendon Marotte,175.3,177.8,Orthodox,"Jan 12, 1996",8,3,0,0.41,0.5,5.7,0.28,0.0,0.0,0.0,0.0
Brendson Ribeiro,190.5,205.7,Orthodox,"Sep 08, 1996",17,10,0,3.04,0.42,3.91,0.53,0.85,0.42,0.21,0.6
Brian Kelleher,167.6,167.6,Switch,"Aug 19, 1986",24,16,0,3.31,0.41,4.59,0.54,1.68,0.41,0.6,0.7
Brian Ortega,172.7,175.3,Switch,"Feb 21, 1991",16,5,0,3.84,0.37,6.38,0.49,0.93,0.25,0.54,0.9
Brogan Walker,162.6,170.2,Switch,"Aug 02, 1988",8,5,0,1.84,0.32,3.32,0.47,1.02,0.75,0.11,0.0
Bruna Brasil,167.6,165.1,Orthodox,"Sep 07, 1993",11,7,1,2.56,0.57,3.75,0.52,1.23,0.52,0.57,0.1
Brunno Ferreira,177.8,182.9,Orthodox,"Nov 04, 1992",15,3,0,3.77,0.5,3.91,0.51,1.25,0.23,0.61,0.8
Bruno Lopes,188.0,188.0,Orthodox,"Apr 24, 1993",14,3,0,2.88,0.43,4.21,0.54,1.93,0.21,1.0,0.0
Bruno Silva,182.9,188.0,Orthodox,"Jul 13, 1989",23,13,0,3.86,0.48,5.35,0.41,0.77,0.22,0.74,0.0
Bryan Barberena,182.9,182.9,Southpaw,"May 03, 1989",18,12,0,5.35,0.48,4.59,0.44,0.13,0.22,0.5,0.3
Bryan Battle,185.4,195.6,Orthodox,"Sep 21, 1994",13,2,0,5.12,0.52,4.11,0.44,0.77,0.17,0.53,0.4
Bryce Mitchell,177.8,177.8,Southpaw,"Oct 04, 1994",18,4,0,2.27,0.59,1.6,0.58,3.24,0.36,0.33,1.2
CJ Vergara,167.6,172.7,Orthodox,"Jun 18, 1991",12,7,1,5.02,0.56,4.69,0.53,0.0,0.0,0.6,0.2
Caio Borralho,185.4,190.5,Southpaw,"Jan 16, 1993",18,2,0,3.47,0.56,2.61,0.6,1.25,0.5,0.76,0.4
Caio Machado,193.0,198.1,Southpaw,"Jul 20, 1994",8,4,1,5.82,0.53,2.87,0.63,0.0,0.0,0.82,0.0
Calvin Kattar,180.3,182.9,Orthodox,"Mar 26, 1988",23,10,0,4.41,0.37,6.55,0.54,0.34,0.29,0.77,0.1
Cam Rowston,190.5,198.1,Orthodox,"Jan 19, 1995",14,3,0,4.26,0.46,2.62,0.51,0.5,0.5,0.33,0.5
Cameron Saaiman,172.7,170.2,Southpaw,"Dec 20, 2000",9,3,0,5.3,0.46,4.14,0.51,0.89,0.28,0.47,0.7
Cameron Smotherman,175.3,175.3,Orthodox,"Sep 17, 1997",12,6,0,4.07,0.37,3.52,0.58,0.0,0.0,0.62,0.0
Caolan Loughran,167.6,172.7,Orthodox,"May 18, 1996",10,2,0,4.73,0.42,5.2,0.52,3.0,0.34,0.87,0.0
Carl Deaton,170.2,175.3,Orthodox,"Nov 24, 1989",17,7,0,1.53,0.31,1.85,0.61,0.0,0.0,0.5,0.0
Carla Esparza,154.9,160.0,Orthodox,"Oct 10, 1987",20,8,0,2.19,0.39,2.87,0.54,3.28,0.36,0.47,0.3
Carli Judice,170.2,172.7,Southpaw,"Mar 02, 1999",6,2,0,9.32,0.5,6.62,0.57,0.52,0.25,0.8,0.0
Carlos Hernandez,172.7,170.2,Orthodox,"Oct 25, 1993",10,5,0,3.83,0.45,3.5,0.5,1.56,0.21,0.65,0.2
Carlos Leal,180.3,188.0,Orthodox,"May 04, 1994",23,7,0,8.75,0.47,7.78,0.48,0.43,0.11,0.9,0.0
Carlos Prates,185.4,198.1,Switch,"Aug 17, 1993",23,7,0,3.77,0.55,4.53,0.47,0.21,1.0,0.8,0.0
Carlos Ulberg,193.0,195.6,Orthodox,"Nov 07, 1990",15,1,0,6.57,0.55,4.03,0.51,0.53,0.6,0.85,0.2
Carlos Vera,167.6,175.3,Orthodox,"Nov 05, 1987",12,4,0,1.53,0.57,2.79,0.49,0.0,0.0,0.25,1.6
Carlston Harris,182.9,193.0,Orthodox,"Jul 09, 1987",19,7,0,3.79,0.43,3.46,0.54,1.46,0.22,0.55,0.6
Casey O'Neill,167.6,175.3,Orthodox,"Oct 07, 1997",11,2,0,7.89,0.52,5.53,0.57,1.4,0.34,0.7,0.7
Cesar Almeida,185.4,188.0,Orthodox,"Mar 28, 1988",7,2,0,3.46,0.58,2.03,0.46,0.0,0.0,0.52,0.2
Cezary Oleksiejczuk,190.5,190.5,Southpaw,"Jan 06, 2000",17,3,0,1.99,0.86,0.77,0.47,5.77,0.85,1.0,0.0
Chad Anheliger,167.6,162.6,Orthodox,"Dec 01, 1986",13,8,0,3.11,0.46,2.76,0.53,0.68,0.3,0.38,0.5
Chan Sung Jung,170.2,182.9,Orthodox,"Mar 17, 1987",17,8,0,3.93,0.41,4.52,0.52,0.7,0.44,0.72,0.6
ChangHo Lee,172.7,175.3,Orthodox,"May 09, 1994",11,2,0,3.88,0.66,2.13,0.37,3.2,0.34,0.4,0.3
Charalampos Grigoriou,170.2,170.2,Orthodox,"Mar 31, 1992",8,5,0,2.62,0.48,3.97,0.46,2.62,0.8,0.9,0.0
Charles Johnson,175.3,177.8,Switch,"Jan 10, 1991",19,8,0,4.77,0.49,4.02,0.55,0.51,0.16,0.69,0.3
Charles Jourdain,175.3,175.3,Switch,"Nov 27, 1995",18,8,1,5.36,0.49,4.11,0.56,0.38,0.21,0.46,0.6
Charles Oliveira,177.8,188.0,Orthodox,"Oct 17, 1989",37,11,0,3.23,0.55,3.05,0.48,2.29,0.39,0.54,2.6
Charles Radtke,175.3,182.9,Orthodox,"Jul 09, 1990",12,5,0,2.5,0.53,2.45,0.54,1.99,0.44,1.0,0.5
Charlie Campbell,182.9,182.9,Orthodox,"Jul 03, 1995",9,3,0,5.23,0.51,4.17,0.55,2.45,0.36,0.62,0.0
Chase Hooper,185.4,188.0,Southpaw,"Sep 13, 1999",16,5,1,4.5,0.49,3.02,0.39,2.43,0.32,0.55,2.1
Chase Sherman,193.0,198.1,Orthodox,"Nov 16, 1989",16,12,0,6.04,0.45,6.65,0.52,0.09,0.5,0.74,0.0
Chelsea Chandler,172.7,172.7,Southpaw,"Nov 23, 1990",6,4,0,3.55,0.45,4.44,0.4,0.87,0.6,0.28,0.0
Chepe Mariscal,170.2,175.3,Orthodox,"Oct 27, 1992",18,7,0,4.14,0.55,2.66,0.52,2.34,0.39,0.59,0.2
Chidi Njokuani,190.5,203.2,Orthodox,"Dec 31, 1988",25,12,0,5.16,0.61,3.32,0.57,0.0,0.0,0.75,0.1
Chris Barnett,175.3,190.5,Orthodox,"Jun 14, 1986",23,10,0,3.36,0.47,6.55,0.36,0.0,0.0,0.35,0.0
Chris Curtis,177.8,190.5,Orthodox,"Jul 15, 1987",32,13,0,5.52,0.5,5.75,0.54,0.0,0.0,0.64,0.0
Chris Daukaus,190.5,193.0,Orthodox,"Sep 25, 1989",12,7,0,6.05,0.5,4.64,0.55,0.0,0.0,1.0,0.0
Chris Duncan,177.8,180.3,Orthodox,"May 10, 1993",15,3,0,4.83,0.45,4.57,0.5,2.92,0.4,0.55,0.6
Chris Gutierrez,175.3,170.2,Orthodox,"Apr 22, 1991",22,7,2,4.4,0.57,2.65,0.63,0.3,0.3,0.67,0.1
Chris Padilla,175.3,188.0,Orthodox,"Sep 14, 1995",17,6,1,6.19,0.54,4.88,0.49,1.13,0.28,0.8,0.3
Chris Weidman,188.0,198.1,Orthodox,"Jun 17, 1984",16,8,0,3.11,0.45,3.37,0.51,3.27,0.42,0.72,0.8
Christian Leroy Duncan,188.0,200.7,Switch,"Jul 24, 1995",14,2,0,4.43,0.57,2.59,0.52,0.33,0.16,0.63,0.0
Christian Rodriguez,170.2,180.3,Orthodox,"Dec 17, 1997",12,4,0,3.85,0.5,2.85,0.56,1.75,0.4,0.67,1.1
Christos Giagos,177.8,180.3,Orthodox,"Jan 23, 1990",20,12,0,3.03,0.41,3.21,0.5,2.84,0.36,0.52,0.4
Ciryl Gane,193.0,205.7,Orthodox,"Apr 12, 1990",13,2,0,5.29,0.61,2.33,0.6,0.68,0.25,0.47,0.6
Claudio Puelles,177.8,182.9,Southpaw,"Apr 21, 1996",13,5,0,1.54,0.46,2.62,0.48,3.29,0.33,0.6,1.0
Claudio Ribeiro,185.4,195.6,Orthodox,"Jul 17, 1992",11,5,0,3.59,0.51,4.9,0.3,0.56,0.5,0.66,0.0
Clay Guida,170.2,177.8,Orthodox,"Dec 08, 1981",38,22,0,2.63,0.33,3.0,0.61,3.1,0.35,0.66,0.6
Clayton Carpenter,167.6,167.6,Orthodox,"Jun 09, 1996",8,2,0,3.66,0.53,2.57,0.55,1.99,0.46,0.37,1.3
Cody Brundage,182.9,182.9,Orthodox,"May 16, 1994",11,9,1,2.26,0.48,3.02,0.5,1.88,0.41,0.68,0.5
Cody Durden,170.2,170.2,Southpaw,"Mar 29, 1991",17,10,1,3.34,0.44,4.19,0.5,3.89,0.46,0.6,0.6
Cody Garbrandt,172.7,165.1,Orthodox,"Jul 07, 1991",15,7,0,2.79,0.4,3.66,0.58,0.85,0.22,0.81,0.0
Cody Gibson,177.8,180.3,Orthodox,"Sep 11, 1987",22,12,0,3.63,0.46,3.22,0.57,2.12,0.37,0.69,0.6
Cody Haddon,170.2,175.3,Orthodox,"Sep 08, 1998",8,1,0,9.2,0.51,3.47,0.64,2.48,0.37,0.83,0.8
Cody Stamann,167.6,162.6,Orthodox,"Nov 09, 1989",21,8,1,4.32,0.46,3.91,0.6,2.17,0.37,0.76,0.0
Colby Covington,180.3,182.9,Orthodox,"Feb 22, 1988",17,5,0,3.81,0.38,3.09,0.54,3.64,0.42,0.68,0.2
Colby Thicknesse,170.2,175.3,Orthodox,"Jun 23, 1999",8,1,0,3.33,0.42,2.8,0.5,1.0,0.09,0.5,0.5
Connor Matthews,172.7,180.3,Switch,"May 31, 1992",7,4,0,4.82,0.43,6.06,0.55,3.24,0.55,0.46,0.7
Cortavious Romious,162.6,172.7,Southpaw,"Jan 06, 1994",9,4,0,1.91,0.38,3.46,0.39,2.29,0.66,0.64,0.8
Cory McKenna,160.0,147.3,Orthodox,"Jul 11, 1999",8,4,0,2.94,0.38,3.68,0.46,2.0,0.47,0.75,0.4
Cory Sandhagen,180.3,177.8,Switch,"Apr 20, 1992",18,6,0,4.86,0.45,3.47,0.56,1.15,0.34,0.56,0.2
Court McGee,180.3,190.5,Orthodox,"Dec 12, 1984",23,14,0,4.5,0.36,3.65,0.6,1.78,0.24,0.7,0.5
Cristian Quinonez,172.7,177.8,Orthodox,"Apr 26, 1996",19,5,0,3.67,0.43,3.71,0.56,3.14,0.55,0.85,0.6
Cub Swanson,172.7,177.8,Orthodox,"Nov 02, 1983",31,14,0,4.84,0.51,3.99,0.59,1.0,0.5,0.63,0.4
Curtis Blaydes,193.0,203.2,Orthodox,"Feb 18, 1991",19,6,0,4.18,0.52,2.76,0.53,5.12,0.47,0.35,0.0
Cynthia Calvillo,162.6,162.6,Orthodox,"Jul 13, 1987",9,6,1,4.41,0.38,4.12,0.64,1.8,0.44,0.77,0.8
Da Woon Jung,193.0,198.1,Orthodox,"Dec 07, 1993",15,6,1,3.24,0.4,4.23,0.49,1.59,0.47,0.75,0.2
Da'Mon Blackshear,177.8,182.9,Switch,"Aug 12, 1994",17,8,1,4.33,0.45,4.19,0.52,1.48,0.33,0.71,1.5
Damian Pinas,185.4,200.7,Orthodox,"Mar 12, 2002",9,1,0,7.5,0.56,3.75,0.56,0.0,0.0,1.0,0.0
Damir Hadzovic,175.3,177.8,Orthodox,"Aug 08, 1986",14,8,0,3.34,0.47,3.74,0.59,0.91,0.54,0.34,0.1
Damir Ismagulov,177.8,188.0,Orthodox,"Feb 03, 1991",24,3,0,3.36,0.42,2.44,0.61,1.0,0.28,0.7,0.0
Damon Jackson,180.3,180.3,Switch,"Aug 08, 1988",23,8,1,2.96,0.42,3.47,0.49,2.3,0.32,0.37,1.2
Dan Argueta,170.2,172.7,Southpaw,"Aug 13, 1993",9,3,0,2.48,0.43,3.44,0.5,4.36,0.35,0.55,1.4
Dan Hooker,182.9,190.5,Switch,"Feb 13, 1990",24,14,0,4.82,0.48,4.94,0.49,0.68,0.33,0.77,0.6
Dan Ige,170.2,180.3,Orthodox,"Aug 06, 1991",19,11,0,3.6,0.45,3.56,0.56,0.93,0.26,0.56,0.2
Daniel Barez,167.6,167.6,Orthodox,"Dec 10, 1988",17,7,0,3.65,0.49,5.95,0.5,1.93,0.28,0.8,0.6
Daniel Frunza,185.4,185.4,Orthodox,"Apr 13, 1994",9,4,0,3.25,0.38,4.32,0.5,0.0,0.0,0.5,0.0
Daniel Lacerda,167.6,177.8,Switch,"Jun 05, 1996",11,6,0,3.95,0.45,8.28,0.34,2.32,0.5,0.0,1.2
Daniel Marcos,170.2,175.3,Orthodox,"Mar 07, 1993",18,1,0,4.9,0.53,3.79,0.61,1.35,0.52,0.85,0.1
Daniel Pineda,170.2,175.3,Orthodox,"Aug 06, 1985",28,17,0,2.85,0.49,3.26,0.45,1.42,0.24,0.54,1.5
Daniel Rodriguez,185.4,188.0,Southpaw,"Dec 31, 1986",20,5,0,7.2,0.49,5.4,0.57,0.51,0.5,0.64,0.1
Daniel Santos,170.2,170.2,Orthodox,"Mar 12, 1995",14,2,0,4.76,0.4,5.03,0.51,3.01,0.4,0.73,0.0
Daniel Zellhuber,185.4,195.6,Switch,"Jul 07, 1999",15,4,0,5.45,0.38,6.17,0.54,0.14,0.25,0.81,0.3
Daniil Donchenko,180.3,180.3,Orthodox,"Aug 04, 2001",14,2,0,7.15,0.6,2.57,0.72,0.77,0.33,0.75,0.0
Danny Barlow,188.0,200.7,Southpaw,"Aug 02, 1995",9,2,0,5.81,0.51,4.65,0.52,0.0,0.0,1.0,0.0
Danny Roberts,185.4,188.0,Southpaw,"Jul 14, 1987",18,8,0,3.18,0.39,3.73,0.5,0.24,0.09,0.57,0.2
Danny Silva,170.2,175.3,Switch,"Jan 30, 1997",11,2,0,6.35,0.54,7.1,0.61,2.06,0.36,0.75,0.2
Daria Zhelezniakova,175.3,172.7,Orthodox,"Jan 23, 1996",10,3,0,4.13,0.4,3.38,0.64,0.31,1.0,0.5,0.0
Darren Elkins,177.8,180.3,Orthodox,"May 16, 1984",29,12,0,3.4,0.38,3.34,0.51,2.87,0.34,0.56,1.1
Darrius Flowers,175.3,180.3,Orthodox,"Aug 25, 1994",13,8,1,3.13,0.5,5.35,0.42,1.65,0.44,0.66,0.4
Davey Grant,172.7,175.3,Orthodox,"Dec 18, 1985",17,8,0,5.14,0.44,3.82,0.55,1.03,0.4,0.63,0.2
David Dvorak,165.1,172.7,Orthodox,"Jun 05, 1992",20,6,0,3.48,0.43,3.29,0.59,0.58,0.3,0.7,0.2
David Martinez,165.1,170.2,Orthodox,"Aug 03, 1998",14,1,0,4.82,0.46,2.9,0.69,0.6,0.25,1.0,0.0
David Onama,180.3,188.0,Orthodox,"Jun 07, 1994",14,3,0,5.07,0.5,4.89,0.51,1.05,0.3,0.52,0.5
Deiveson Figueiredo,165.1,172.7,Orthodox,"Dec 18, 1987",25,6,1,2.63,0.53,3.47,0.49,1.61,0.35,0.57,1.2
Denis Tiuliulin,185.4,195.6,Orthodox,"May 17, 1988",10,10,0,3.61,0.41,5.23,0.38,0.96,0.42,0.72,0.0
Denise Gomes,157.5,160.0,Orthodox,"Dec 30, 1999",12,3,0,4.43,0.49,3.16,0.51,1.45,0.34,0.66,0.7
Dennis Buzukja,175.3,177.8,Switch,"Oct 01, 1997",12,6,0,4.21,0.43,4.79,0.48,0.62,0.27,0.75,0.2
Denys Bondar,167.6,175.3,Orthodox,"Jun 27, 1992",14,5,0,4.59,0.5,5.16,0.56,3.99,0.58,0.62,0.0
Denzel Freeman,185.4,195.6,Southpaw,"Nov 10, 1991",7,2,0,2.45,0.56,3.4,0.5,0.0,0.0,0.5,0.0
Derek Brunson,185.4,195.6,Southpaw,"Jan 04, 1984",23,9,0,3.51,0.47,3.05,0.51,3.14,0.33,0.85,0.6
Derrick Lewis,190.5,200.7,Orthodox,"Feb 07, 1985",29,13,0,2.46,0.49,2.57,0.39,0.55,0.26,0.52,0.0
Devin Clark,182.9,190.5,Orthodox,"Apr 12, 1990",14,9,0,3.03,0.54,3.24,0.44,2.17,0.32,0.58,0.1
Diana Belbita,170.2,172.7,Orthodox,"Jun 26, 1996",15,10,0,6.45,0.41,6.55,0.51,0.86,0.62,0.64,0.0
Diego Ferreira,175.3,188.0,Orthodox,"Jan 18, 1985",19,7,0,4.7,0.39,3.46,0.55,0.82,0.3,0.57,0.6
Diego Lopes,180.3,182.9,Orthodox,"Dec 30, 1994",27,8,0,3.83,0.47,4.56,0.45,0.88,0.5,0.68,1.4
Dione Barbosa,167.6,167.6,Orthodox,"May 08, 1992",9,4,0,2.21,0.45,2.4,0.64,2.4,0.44,0.63,1.7
Diyar Nurgozhay,188.0,188.0,Southpaw,"Apr 22, 1997",11,2,0,4.52,0.59,2.81,0.61,1.37,0.75,0.8,0.0
Djorden Santos,182.9,190.5,Orthodox,"Aug 01, 1997",11,2,0,7.0,0.44,5.98,0.48,0.67,0.33,0.86,0.0
Dom Mar Fan,180.3,190.5,Orthodox,"Mar 19, 2000",9,2,0,3.71,0.56,2.49,0.44,2.0,0.5,0.66,0.3
Dominick Reyes,193.0,195.6,Southpaw,"Dec 26, 1989",16,5,0,4.99,0.53,3.4,0.49,0.25,0.28,0.82,0.2
Don Shainis,167.6,170.2,Orthodox,"Sep 16, 1990",12,5,0,3.42,0.5,5.87,0.31,0.97,0.25,0.2,1.9
Don'Tale Mayes,198.1,205.7,Orthodox,"Jan 16, 1992",11,9,0,3.22,0.43,3.61,0.46,0.59,0.38,0.46,0.0
DongHun Choi,165.1,167.6,Switch,"Jan 02, 1999",9,0,0,4.54,0.66,3.13,0.58,0.46,0.14,0.81,0.0
Donte Johnson,172.7,188.0,Southpaw,"Jan 25, 1999",8,0,0,3.11,0.48,2.0,0.61,2.0,1.0,0.75,0.7
Dooho Choi,177.8,177.8,Orthodox,"Apr 10, 1991",16,4,1,4.67,0.56,4.02,0.56,1.43,0.53,0.47,0.6
Douglas Silva de Andrade,170.2,172.7,Orthodox,"Jun 22, 1985",29,7,0,3.54,0.38,4.09,0.56,0.54,0.42,0.71,0.2
Drakkar Klose,175.3,177.8,Orthodox,"Mar 09, 1988",16,3,1,4.25,0.55,3.65,0.49,1.49,0.26,0.69,0.0
Drew Dober,172.7,177.8,Southpaw,"Oct 19, 1988",29,15,0,4.48,0.41,4.33,0.53,0.61,0.16,0.58,0.1
Dricus Du Plessis,185.4,193.0,Switch,"Jan 14, 1994",23,3,0,5.18,0.48,4.33,0.52,2.22,0.51,0.34,0.7
Dusko Todorovic,185.4,188.0,Orthodox,"May 19, 1994",13,6,0,4.73,0.57,4.4,0.48,1.77,0.21,0.42,0.3
Dustin Jacoby,190.5,193.0,Orthodox,"Apr 04, 1988",22,9,1,5.4,0.48,3.92,0.57,0.32,0.25,0.62,0.0
Dustin Poirier,175.3,182.9,Southpaw,"Jan 19, 1989",30,10,0,5.24,0.5,4.57,0.52,1.15,0.35,0.64,1.2
Dustin Stoltzfus,182.9,190.5,Orthodox,"Nov 15, 1991",16,8,0,3.3,0.45,3.23,0.47,2.08,0.37,0.46,1.1
Dylan Budka,182.9,190.5,Switch,"Jan 14, 2000",7,5,0,1.06,0.38,1.8,0.42,1.93,0.38,0.76,0.4
Ed Herman,185.4,195.6,Orthodox,"Oct 02, 1980",27,16,0,3.31,0.48,3.71,0.42,1.96,0.47,0.59,1.0
Edgar Chairez,170.2,180.3,Orthodox,"Jan 27, 1996",13,6,0,3.65,0.45,4.75,0.46,0.0,0.0,0.38,1.3
Edmen Shahbazyan,188.0,190.5,Orthodox,"Nov 20, 1997",16,5,0,3.8,0.48,3.6,0.49,1.62,0.37,0.66,0.4
Edson Barboza,180.3,190.5,Orthodox,"Jan 21, 1986",24,14,0,4.14,0.44,4.68,0.55,0.43,0.5,0.73,0.1
Eduarda Moura,167.6,170.2,Orthodox,"Feb 28, 1994",12,2,0,2.57,0.37,2.5,0.58,3.58,0.34,0.8,0.4
Elijah Smith,175.3,180.3,Orthodox,"Sep 05, 2002",10,1,0,4.18,0.48,2.96,0.46,2.98,0.53,0.53,1.1
Elise Reed,160.0,160.0,Orthodox,"Dec 05, 1992",8,5,0,3.41,0.53,3.26,0.51,0.46,0.6,0.53,0.0
Elisha Ellison,182.9,198.1,Orthodox,"Mar 05, 1997",5,2,0,1.57,0.33,15.13,0.4,0.0,0.0,0.0,0.0
Elizeu Zaleski dos Santos,180.3,185.4,Orthodox,"Dec 11, 1986",25,10,1,4.16,0.41,3.56,0.55,0.79,0.2,0.67,0.4
Elves Brener,177.8,182.9,Orthodox,"Sep 27, 1997",16,6,0,4.76,0.47,5.86,0.5,0.99,0.16,0.76,0.0
Emily Ducote,157.5,160.0,Orthodox,"Jan 01, 1994",13,9,0,7.45,0.52,7.84,0.57,0.2,0.14,0.94,0.0
Eric McConico,182.9,195.6,Southpaw,"May 09, 1990",10,4,1,2.61,0.43,3.23,0.46,0.0,0.0,0.64,0.0
Eric Nolan,188.0,188.0,Orthodox,"Sep 13, 1997",8,4,0,3.14,0.39,5.13,0.41,0.0,0.0,0.71,0.0
Erick Gonzalez,180.3,190.5,Orthodox,"Jan 20, 1992",14,8,0,2.4,0.36,8.08,0.4,6.0,0.55,0.5,0.0
Erik Silva,175.3,180.3,Orthodox,"Mar 16, 1987",9,4,0,2.06,0.67,1.52,0.4,3.26,0.8,0.6,0.0
Erin Blanchfield,162.6,167.6,Orthodox,"May 04, 1999",14,2,0,5.24,0.44,4.25,0.58,1.96,0.34,0.78,0.9
Ernesta Kareckaite,175.3,180.3,Orthodox,"Jul 05, 1998",6,2,1,7.28,0.42,6.47,0.49,0.75,0.6,0.81,0.0
Eryk Anders,185.4,190.5,Southpaw,"Apr 21, 1987",18,9,0,3.44,0.47,4.03,0.5,1.83,0.25,0.8,0.1
Esteban Ribovics,177.8,175.3,Orthodox,"Apr 27, 1996",15,3,0,7.27,0.43,5.83,0.54,0.35,0.66,0.66,0.2
Ethyn Ewing,167.6,175.3,Orthodox,"Feb 19, 1996",10,2,0,7.44,0.55,4.53,0.63,1.68,0.6,1.0,0.0
Evan Elder,177.8,182.9,Switch,"Apr 11, 1997",10,2,0,5.66,0.5,4.94,0.57,0.48,0.15,0.4,0.5
Fares Ziam,185.4,190.5,Orthodox,"Mar 21, 1997",18,4,0,2.87,0.52,1.53,0.65,1.73,0.4,0.71,0.5
Farid Basharat,172.7,180.3,Orthodox,"Aug 02, 1997",15,0,0,4.25,0.52,2.89,0.62,3.34,0.44,0.54,0.3
Fatima Kline,167.6,170.2,Orthodox,"Jul 12, 2000",9,1,0,5.01,0.5,2.71,0.57,2.02,0.58,0.5,0.0
Felipe Bunes,170.2,175.3,Orthodox,"Oct 29, 1989",14,9,0,3.17,0.46,4.57,0.47,1.08,0.25,0.4,1.4
Felipe Franco,185.4,193.0,Orthodox,"Jan 22, 2001",10,2,0,1.81,0.5,2.55,0.38,3.02,0.37,0.87,0.0
Felipe Lima,167.6,172.7,Orthodox,"May 07, 1998",14,2,0,2.86,0.45,2.91,0.64,2.18,0.27,0.85,0.7
Felipe dos Santos,170.2,177.8,Orthodox,"Sep 11, 2000",8,3,0,3.75,0.39,3.8,0.41,0.0,0.0,0.2,0.5
Feng Xiaocan,170.2,170.2,Southpaw,"Oct 27, 2001",10,4,0,4.18,0.49,1.49,0.68,0.7,1.0,0.63,0.0
Fernando Padilla,185.4,193.0,Orthodox,"Dec 15, 1996",16,6,0,6.07,0.4,5.74,0.52,0.0,0.0,1.0,0.6
Fernie Garcia,170.2,170.2,Orthodox,"Apr 12, 1992",10,5,0,2.04,0.34,3.79,0.48,0.28,0.5,0.5,0.6
Francis Marshall,175.3,182.9,Orthodox,"Mar 03, 1999",9,3,0,3.39,0.33,4.03,0.53,2.86,0.45,0.66,0.6
Francisco Prado,177.8,175.3,Orthodox,"Jun 16, 2002",12,5,0,3.68,0.43,4.31,0.54,0.76,0.19,0.4,0.8
Gabe Green,177.8,185.4,Switch,"May 02, 1993",12,5,0,5.6,0.45,6.19,0.47,0.71,0.5,0.5,0.5
Gabriel Benitez,172.7,180.3,Southpaw,"Jun 15, 1988",23,13,0,5.26,0.41,4.49,0.63,0.22,0.5,0.55,0.9
Gabriel Bonfim,185.4,182.9,Orthodox,"Aug 20, 1997",19,1,0,4.61,0.46,3.68,0.63,3.6,0.55,0.76,1.4
Gabriel Miranda,180.3,180.3,Orthodox,"Mar 25, 1990",17,8,0,3.23,0.43,6.01,0.37,4.75,0.38,0.0,1.9
Gabriel Santos,175.3,177.8,Orthodox,"Nov 28, 1996",12,2,0,4.35,0.6,4.31,0.45,3.8,0.54,0.87,1.2
Gabriella Fernandes,167.6,167.6,Southpaw,"Aug 13, 1993",11,4,0,3.51,0.46,5.31,0.53,0.42,0.18,0.68,0.2
Garrett Armfield,167.6,177.8,Orthodox,"Oct 09, 1996",10,5,0,5.35,0.53,3.64,0.56,1.1,0.5,0.64,0.6
Gaston Bolanos,170.2,175.3,Orthodox,"Sep 14, 1992",8,5,0,3.28,0.49,2.4,0.5,0.66,1.0,0.42,0.0
Gauge Young,175.3,177.8,Orthodox,"Jul 14, 2000",11,3,0,6.32,0.52,5.12,0.49,0.75,0.3,0.76,0.0
Gavin Tucker,167.6,167.6,Southpaw,"Jun 17, 1986",13,3,0,4.29,0.44,4.18,0.57,3.13,0.44,0.53,1.5
Genaro Valdez,175.3,182.9,Orthodox,"Jan 16, 1992",10,3,0,4.08,0.3,7.16,0.48,1.54,0.44,0.36,0.4
Geoff Neal,180.3,190.5,Southpaw,"Aug 28, 1990",16,8,0,5.02,0.5,5.5,0.57,0.54,0.45,0.87,0.1
Gerald Meerschaert,185.4,195.6,Southpaw,"Dec 18, 1987",37,21,0,3.01,0.45,3.52,0.53,1.82,0.3,0.42,1.4
Germaine de Randamie,175.3,180.3,Orthodox,"Apr 24, 1984",10,5,0,2.57,0.46,2.0,0.65,0.0,0.0,0.65,0.4
Gianni Vazquez,170.2,180.3,Orthodox,"Jul 17, 1994",13,5,1,1.6,0.22,3.93,0.39,0.0,0.0,0.62,2.0
Giga Chikadze,182.9,188.0,Orthodox,"Aug 25, 1988",15,6,0,3.75,0.42,3.47,0.59,0.18,0.33,0.65,0.2
Gilbert Burns,177.8,180.3,Orthodox,"Jul 20, 1986",22,10,0,3.16,0.48,3.68,0.52,2.04,0.35,0.53,0.4
Gilbert Urbina,190.5,190.5,Orthodox,"Apr 05, 1996",7,5,0,5.57,0.56,4.62,0.44,2.86,0.44,0.0,0.7
Gillian Robertson,165.1,160.0,Orthodox,"May 17, 1995",17,8,0,2.71,0.48,2.86,0.56,2.76,0.4,0.38,0.9
Glover Teixeira,188.0,193.0,Orthodox,"Oct 28, 1979",33,9,0,3.73,0.49,4.43,0.51,2.11,0.33,0.6,0.9
Grant Dawson,177.8,182.9,Switch,"Feb 20, 1994",23,3,1,3.21,0.52,2.13,0.44,3.81,0.39,0.57,1.1
Gregory Rodrigues,190.5,190.5,Orthodox,"Feb 17, 1992",19,6,0,5.53,0.51,4.78,0.5,1.9,0.34,0.75,0.4
Guido Cannetti,167.6,172.7,Southpaw,"Dec 19, 1979",10,8,0,3.44,0.55,2.84,0.51,2.27,0.55,0.64,0.4
Guilherme Pat,198.1,205.7,Orthodox,"Apr 20, 1994",6,1,0,2.7,0.61,2.03,0.51,0.0,0.0,1.0,0.0
Gunnar Nelson,180.3,182.9,Switch,"Jul 28, 1988",19,6,1,1.77,0.61,3.06,0.48,2.0,0.52,0.68,1.0
Guram Kutateladze,180.3,182.9,Orthodox,"Jan 08, 1992",13,5,0,3.53,0.45,4.22,0.54,0.61,0.15,0.75,0.0
Hailey Cowan,172.7,170.2,Southpaw,"Feb 12, 1992",7,5,0,2.66,0.43,2.92,0.4,1.95,0.42,0.8,0.0
Hakeem Dawodu,172.7,185.4,Orthodox,"Jul 02, 1991",13,4,1,5.45,0.5,3.37,0.56,0.0,0.0,0.65,0.0
Hamdy Abdelwahab,188.0,182.9,Southpaw,"Jan 22, 1993",7,1,0,4.27,0.55,3.67,0.51,3.25,0.65,1.0,0.0
Hannah Goldy,162.6,154.9,Orthodox,"May 18, 1992",6,4,0,5.19,0.47,4.67,0.5,0.66,0.12,0.54,0.2
Harry Hardwick,172.7,180.3,Switch,"Sep 29, 1994",13,5,1,5.47,0.42,8.54,0.44,0.0,0.0,0.0,0.0
Hecher Sosa,175.3,177.8,Orthodox,"Aug 25, 1995",15,1,0,4.53,0.47,2.5,0.61,2.0,0.36,0.69,1.0
Henry Cejudo,162.6,162.6,Orthodox,"Feb 09, 1987",16,6,0,3.83,0.47,3.84,0.57,1.78,0.29,0.72,0.1
Herbert Burns,175.3,185.4,Orthodox,"Feb 02, 1988",11,6,0,1.86,0.36,5.17,0.41,2.94,0.34,0.66,1.8
Holly Holm,172.7,175.3,Southpaw,"Oct 17, 1981",15,7,0,3.13,0.4,2.92,0.55,0.87,0.3,0.76,0.1
Hyder Amil,175.3,177.8,Switch,"May 28, 1990",11,2,0,5.81,0.52,3.95,0.51,0.56,0.18,0.65,0.8
HyunSung Park,170.2,167.6,Orthodox,"Nov 04, 1995",10,2,0,3.38,0.41,3.14,0.55,1.5,0.31,0.47,1.8
Ian Machado Garry,190.5,188.0,Orthodox,"Nov 17, 1997",17,1,0,4.78,0.54,2.86,0.52,0.92,0.31,0.8,0.4
Iasmin Lucindo,160.0,167.6,Orthodox,"Jan 08, 2002",18,6,0,3.22,0.45,2.8,0.62,2.28,0.55,0.68,0.1
Ibo Aslan,190.5,195.6,Orthodox,"Apr 23, 1996",14,4,0,5.75,0.48,3.96,0.56,0.0,0.0,0.87,0.0
Ignacio Bahamondes,190.5,190.5,Orthodox,"Aug 27, 1997",17,7,0,5.99,0.46,4.07,0.55,0.0,0.0,0.7,0.6
Igor Severino,170.2,175.3,Orthodox,"Apr 21, 2003",8,1,0,7.17,0.52,4.33,0.47,9.69,0.71,0.5,0.0
Ihor Potieria,190.5,190.5,Southpaw,"May 29, 1996",20,8,0,4.44,0.5,4.96,0.5,0.73,0.18,0.66,0.0
Ikram Aliskerov,182.9,193.0,Southpaw,"Dec 07, 1992",17,2,0,6.86,0.64,5.47,0.41,3.2,0.6,1.0,0.5
Ilia Topuria,170.2,175.3,Orthodox,"Jan 21, 1997",17,0,0,4.81,0.48,3.83,0.64,1.96,0.61,0.93,1.1
Ilir Latifi,177.8,185.4,Orthodox,"Jul 28, 1982",17,9,0,2.05,0.45,2.93,0.56,2.11,0.35,1.0,0.3
Imanol Rodriguez,162.6,162.6,Orthodox,"Nov 15, 1999",7,0,0,5.71,0.55,2.42,0.58,1.3,0.33,0.0,0.0
Ion Cutelaba,185.4,190.5,Southpaw,"Dec 14, 1993",20,11,1,4.23,0.43,3.28,0.47,3.76,0.49,0.75,0.2
Irene Aldana,175.3,172.7,Orthodox,"Mar 26, 1988",15,8,0,5.19,0.39,6.64,0.56,0.15,0.5,0.77,0.2
Irina Alekseeva,172.7,170.2,Orthodox,"Jun 27, 1990",5,4,0,3.42,0.38,5.02,0.45,0.38,0.2,0.5,0.4
Isaac Dulgarian,170.2,180.3,Orthodox,"Jul 04, 1996",7,2,0,2.99,0.63,1.65,0.4,4.57,0.5,0.0,1.8
Isaac Thomson,177.8,175.3,,"May 03, 2002",9,3,0,1.4,0.44,2.2,0.42,4.0,0.8,0.33,0.0
Islam Dulatov,190.5,190.5,Orthodox,"Aug 02, 1998",12,1,0,8.78,0.54,4.24,0.5,2.2,1.0,1.0,0.0
Islam Makhachev,177.8,177.8,Southpaw,"Oct 27, 1991",28,1,0,2.45,0.58,1.45,0.61,3.1,0.56,0.91,1.0
Ismael Bonfim,172.7,180.3,Orthodox,"Dec 28, 1995",20,6,0,5.51,0.54,3.71,0.65,1.06,0.33,0.76,0.0
Ismail Naurdiev,177.8,188.0,Orthodox,"Aug 18, 1996",25,8,0,3.66,0.52,1.75,0.64,1.48,0.4,0.73,0.2
Israel Adesanya,193.0,203.2,Switch,"Jul 22, 1989",24,6,0,4.03,0.48,3.22,0.55,0.05,0.09,0.76,0.1
Istela Nunes,162.6,167.6,Orthodox,"Jul 23, 1992",6,6,0,4.28,0.47,4.07,0.59,0.0,0.0,0.47,0.0
Ivan Erslan,188.0,182.9,Orthodox,"Nov 15, 1991",14,6,0,2.55,0.46,5.01,0.53,0.45,0.2,0.61,0.0
Ivana Petrovic,172.7,177.8,Southpaw,"Jun 11, 1994",7,3,0,1.91,0.41,2.05,0.56,2.12,0.38,0.61,0.8
Iwo Baraniewski,182.9,185.4,Orthodox,"Nov 20, 1998",8,0,0,15.77,0.7,14.01,0.46,0.0,0.0,1.0,0.0
JJ Aldrich,165.1,170.2,Southpaw,"Sep 29, 1992",15,7,0,3.92,0.46,4.34,0.61,0.7,0.25,0.67,0.0
JP Buys,165.1,170.2,Orthodox,"Apr 30, 1996",9,6,0,1.88,0.39,3.02,0.4,1.55,0.25,0.25,2.3
Jack Della Maddalena,180.3,185.4,Switch,"Sep 10, 1996",18,3,0,5.57,0.51,3.84,0.63,0.13,0.1,0.64,0.1
Jack Hermansson,185.4,195.6,Orthodox,"Jun 10, 1988",24,10,0,5.15,0.45,3.72,0.56,1.48,0.29,0.8,0.4
Jack Jenkins,170.2,172.7,Switch,"Nov 03, 1993",14,4,0,4.48,0.61,2.95,0.59,1.98,0.6,0.71,0.2
Jack Shore,172.7,180.3,Orthodox,"Feb 06, 1995",17,3,0,3.6,0.58,2.31,0.56,3.22,0.39,0.74,0.6
Jackson McVey,193.0,195.6,Southpaw,"Mar 25, 1999",6,2,0,5.87,0.68,3.82,0.23,0.0,0.0,0.0,0.0
Jacob Malkoun,175.3,185.4,Orthodox,"Aug 26, 1995",9,3,0,4.55,0.58,2.36,0.55,5.81,0.4,0.33,0.9
Jacobe Smith,177.8,182.9,Southpaw,"Jan 17, 1996",12,0,0,6.89,0.67,2.78,0.47,7.78,0.91,1.0,0.7
Jacqueline Cavalcanti,172.7,177.8,Orthodox,"Aug 29, 1997",10,1,0,5.65,0.46,3.17,0.68,0.0,0.0,0.88,0.0
Jafel Filho,170.2,172.7,Orthodox,"May 05, 1993",17,4,0,1.85,0.41,1.62,0.5,2.52,0.45,0.66,2.2
Jai Herbert,185.4,195.6,Orthodox,"May 13, 1988",14,6,1,3.19,0.41,3.34,0.52,0.42,0.21,0.66,0.0
Jailton Almeida,190.5,200.7,Orthodox,"Jun 26, 1991",22,5,0,2.23,0.62,1.3,0.43,5.64,0.55,0.6,1.7
Jairzinho Rozenstruik,188.0,198.1,Orthodox,"Mar 17, 1988",15,6,0,3.48,0.48,2.63,0.52,0.0,0.0,0.72,0.0
Jake Collier,190.5,198.1,Orthodox,"Oct 25, 1988",13,10,0,5.8,0.44,5.08,0.5,0.71,0.33,0.67,0.6
Jake Hadley,170.2,177.8,Southpaw,"Aug 03, 1996",11,4,0,3.8,0.43,4.16,0.61,0.33,0.11,0.54,1.1
Jake Matthews,180.3,185.4,Orthodox,"Aug 19, 1994",22,8,0,3.34,0.43,2.62,0.6,1.44,0.41,0.64,0.8
Jakub Wiklacz,177.8,182.9,Orthodox,"Sep 10, 1996",18,3,2,3.4,0.44,3.87,0.46,0.0,0.0,0.41,2.5
Jalin Turner,190.5,195.6,Southpaw,"May 18, 1995",15,9,0,5.79,0.48,4.54,0.41,0.75,0.55,0.75,1.1
Jamahal Hill,193.0,200.7,Southpaw,"May 19, 1991",12,4,0,6.19,0.51,4.03,0.44,0.0,0.0,0.73,0.0
Jamal Pogues,190.5,195.6,Orthodox,"Dec 01, 1995",11,5,0,3.57,0.46,3.97,0.49,2.0,0.46,0.7,0.0
Jamall Emmers,177.8,188.0,Orthodox,"Jul 24, 1989",22,8,0,5.1,0.49,3.92,0.57,2.59,0.53,0.81,0.3
James Llontop,182.9,185.4,Orthodox,"Aug 02, 1999",14,5,0,5.57,0.41,4.12,0.57,0.0,0.0,0.54,0.0
Jamey-Lyn Horth,170.2,167.6,Orthodox,"Mar 30, 1990",9,3,0,3.8,0.47,2.64,0.63,0.98,0.42,0.8,0.2
Jamie Mullarkey,182.9,188.0,Orthodox,"Aug 17, 1994",18,9,0,4.1,0.46,4.28,0.54,2.46,0.3,0.7,0.1
Jamie Pickett,188.0,203.2,Orthodox,"Aug 29, 1988",13,11,0,2.65,0.47,3.62,0.5,1.26,0.4,0.67,0.1
Jan Blachowicz,188.0,198.1,Orthodox,"Feb 24, 1983",29,11,2,3.55,0.5,3.14,0.52,0.98,0.48,0.69,0.4
Jaqueline Amorim,160.0,172.7,Orthodox,"Jun 24, 1995",10,2,0,2.43,0.5,2.16,0.54,2.16,0.36,0.0,3.8
Jared Cannonier,180.3,195.6,Switch,"Mar 16, 1984",18,9,0,4.42,0.49,4.35,0.56,0.54,0.4,0.64,0.0
Jared Gooden,182.9,195.6,Orthodox,"Dec 05, 1993",23,10,0,4.4,0.48,6.74,0.45,0.91,0.45,0.65,0.4
Jared Gordon,175.3,172.7,Orthodox,"Sep 06, 1988",21,8,0,5.64,0.53,4.14,0.55,1.78,0.32,0.6,0.0
Jarno Errens,180.3,185.4,Orthodox,"Nov 17, 1994",14,6,1,3.29,0.44,3.29,0.61,0.0,0.0,0.33,0.3
Jasmine Jasudavicius,170.2,172.7,Orthodox,"Mar 01, 1989",15,4,0,3.47,0.44,3.46,0.51,2.63,0.46,0.75,0.5
Javid Basharat,175.3,175.3,Orthodox,"Sep 07, 1995",15,2,0,5.18,0.54,2.75,0.63,1.83,0.4,0.83,0.1
Javier Reyes,170.2,185.4,,"Oct 10, 1993",23,5,0,8.91,0.55,2.53,0.47,2.0,0.5,0.5,0.0
Jean Matsumoto,167.6,172.7,Orthodox,"Sep 09, 1999",17,2,0,5.37,0.39,5.41,0.47,3.0,0.48,0.56,0.5
Jean Silva,170.2,175.3,Orthodox,"Dec 27, 1996",17,3,0,4.82,0.51,4.5,0.53,1.2,0.6,0.78,0.6
Jean-Paul Lebosnoyani,180.3,182.9,Switch,"Jan 27, 1999",10,2,0,4.77,0.61,3.72,0.53,2.79,0.3,0.0,1.9
Jeka Saragih,172.7,175.3,Orthodox,"Jan 01, 1995",14,5,0,2.75,0.5,2.82,0.4,2.17,0.8,0.66,0.5
Jennifer Maia,162.6,162.6,Orthodox,"Oct 06, 1988",21,10,1,4.35,0.38,4.52,0.55,0.42,0.27,0.58,0.1
JeongYeong Lee,177.8,185.4,Orthodox,"Nov 13, 1995",11,3,0,3.38,0.49,3.82,0.5,0.63,0.66,0.72,0.3
Jeremiah Wells,175.3,188.0,Switch,"Oct 30, 1986",13,4,1,2.35,0.46,1.28,0.48,3.06,0.46,0.5,1.3
Jeremy Stephens,175.3,180.3,Orthodox,"May 25, 1986",28,20,0,3.15,0.4,3.14,0.58,1.11,0.38,0.62,0.4
Jesse Butler,177.8,185.4,Orthodox,"May 24, 1992",12,6,0,2.02,0.34,4.62,0.39,0.0,0.0,0.0,0.0
Jessica Andrade,154.9,157.5,Orthodox,"Sep 25, 1991",26,15,0,6.37,0.48,5.58,0.54,2.1,0.54,0.75,0.3
Jessica Penne,165.1,170.2,Orthodox,"Jan 30, 1983",14,9,0,2.63,0.33,5.05,0.45,1.29,0.18,0.36,0.5
Jessica-Rose Clark,165.1,162.6,Orthodox,"Nov 28, 1987",11,9,0,3.73,0.51,3.51,0.58,1.66,0.42,0.62,0.3
Jesus Aguilar,162.6,157.5,Orthodox,"Mar 13, 1996",12,4,0,2.54,0.38,2.29,0.61,1.52,0.29,0.45,1.1
Jhonata Diniz,193.0,200.7,Orthodox,"Jun 23, 1991",9,2,0,3.89,0.56,3.62,0.56,0.0,0.0,0.7,0.0
Ji Yeon Kim,170.2,182.9,Orthodox,"Oct 18, 1989",9,7,2,5.37,0.36,5.41,0.56,0.0,0.0,0.5,0.1
Jim Miller,172.7,180.3,Southpaw,"Aug 30, 1983",38,19,0,2.92,0.42,3.44,0.56,1.5,0.45,0.48,1.7
Jimmy Crute,188.0,188.0,Orthodox,"Mar 04, 1996",14,4,2,4.15,0.52,3.65,0.42,4.39,0.52,0.58,2.0
Jimmy Flick,170.2,172.7,Orthodox,"Sep 07, 1990",17,9,0,1.67,0.5,4.7,0.43,2.36,0.33,0.0,3.5
Jinh Yu Frey,160.0,165.1,Southpaw,"May 20, 1985",11,10,0,2.97,0.43,4.23,0.52,1.02,0.36,0.9,0.3
Jiri Prochazka,190.5,203.2,Orthodox,"Oct 14, 1992",32,6,1,5.61,0.55,5.67,0.45,0.49,0.6,0.68,0.2
Joanderson Brito,172.7,182.9,Orthodox,"Feb 11, 1995",18,5,1,2.43,0.51,2.32,0.44,3.38,0.67,0.47,1.1
Joanne Wood,167.6,165.1,Orthodox,"Dec 23, 1985",17,8,0,7.1,0.51,4.89,0.51,1.52,0.55,0.58,0.3
Joaquim Silva,172.7,175.3,Southpaw,"Feb 05, 1989",14,6,0,3.43,0.43,4.17,0.53,0.34,0.5,0.7,0.8
Joaquin Buckley,177.8,193.0,Southpaw,"Apr 27, 1994",21,7,0,3.88,0.36,2.93,0.59,1.54,0.45,0.72,0.1
Joe Pyfer,188.0,190.5,Orthodox,"Sep 17, 1996",16,3,0,3.52,0.44,3.22,0.52,1.45,0.3,0.62,0.9
Joe Solecki,175.3,177.8,Orthodox,"Aug 27, 1993",13,6,0,1.97,0.53,1.85,0.5,2.06,0.48,0.14,1.4
Joel Alvarez,190.5,195.6,Orthodox,"Mar 02, 1993",23,3,0,4.78,0.55,3.07,0.54,0.19,0.33,0.47,1.1
John Castaneda,167.6,180.3,Switch,"Dec 18, 1991",21,8,1,4.95,0.51,5.07,0.54,1.49,0.37,0.75,0.1
John Makdessi,172.7,172.7,Orthodox,"May 03, 1985",18,9,0,5.52,0.49,4.15,0.68,0.0,0.0,0.86,0.0
John Yannis,170.2,177.8,Southpaw,"Jul 07, 1994",10,4,0,3.3,0.53,1.26,0.74,0.0,0.0,0.66,0.0
Johnny Munoz,175.3,180.3,Orthodox,"Feb 16, 1993",12,4,0,2.44,0.36,2.66,0.55,2.4,0.25,0.45,1.8
Johnny Walker,198.1,208.3,Orthodox,"Mar 30, 1992",22,10,0,3.9,0.54,2.99,0.46,0.36,0.5,0.57,0.7
Jon Jones,193.0,213.4,Orthodox,"Jul 19, 1987",28,1,0,4.38,0.58,2.24,0.64,1.89,0.45,0.95,0.5
Jonathan Martinez,172.7,177.8,Southpaw,"Apr 20, 1994",19,6,0,4.44,0.49,4.09,0.56,0.38,0.35,0.68,0.1
Jonathan Micallef,182.9,195.6,Southpaw,"Mar 05, 1999",9,1,0,3.96,0.41,4.22,0.56,1.13,0.66,0.75,1.1
Jonathan Pearce,182.9,180.3,Switch,"May 01, 1992",14,7,0,5.12,0.54,3.32,0.54,5.02,0.5,0.55,0.8
Jonny Parsons,175.3,175.3,Orthodox,"Sep 06, 1991",9,3,0,4.65,0.44,4.89,0.6,0.0,0.0,0.66,0.0
JooSang Yoo,170.2,180.3,Orthodox,"Jan 21, 1994",9,1,0,6.36,0.58,4.99,0.56,0.0,0.0,0.5,0.0
Jordan Leavitt,175.3,180.3,Southpaw,"Jun 02, 1995",13,3,0,2.21,0.57,1.59,0.58,3.15,0.34,0.3,1.1
Jordan Vucenic,177.8,185.4,Orthodox,"Mar 02, 1996",13,4,0,2.11,0.45,1.9,0.58,0.63,0.14,0.44,0.0
Jordan Wright,188.0,195.6,Orthodox,"Oct 07, 1991",12,5,0,4.1,0.56,6.03,0.31,2.09,0.45,1.0,0.4
Jorge Masvidal,180.3,188.0,Orthodox,"Nov 12, 1984",35,17,0,4.05,0.47,3.05,0.64,1.38,0.59,0.72,0.3
Jose Aldo,170.2,177.8,Orthodox,"Sep 09, 1986",32,10,0,3.65,0.46,3.81,0.6,0.47,0.51,0.92,0.1
Jose Daniel Medina,182.9,188.0,Orthodox,"May 17, 1991",11,7,0,2.13,0.36,5.34,0.46,0.39,0.33,0.27,0.0
Jose Delgado,180.3,188.0,Switch,"Apr 21, 1998",11,2,0,7.48,0.54,4.95,0.5,1.51,0.4,0.5,0.0
Jose Johnson,182.9,180.3,Orthodox,"May 20, 1995",16,10,0,2.27,0.57,1.61,0.53,0.69,0.6,0.41,0.7
Jose Ochoa,170.2,170.2,Southpaw,"Dec 31, 2000",8,2,0,3.01,0.37,2.33,0.6,0.43,0.5,0.59,1.3
Josefine Knutsson,160.0,152.4,Orthodox,"Jan 16, 1996",8,1,0,4.24,0.51,2.13,0.54,1.6,0.72,0.35,0.0
Joselyne Edwards,172.7,177.8,Orthodox,"Sep 29, 1995",17,6,0,4.61,0.53,3.24,0.5,1.43,0.4,0.61,0.6
Joseph Holmes,193.0,203.2,Orthodox,"Jul 04, 1995",8,4,0,2.88,0.53,3.08,0.54,1.49,0.4,0.5,0.8
Joseph Morales,167.6,175.3,Switch,"Aug 22, 1994",15,2,0,2.0,0.4,2.05,0.57,1.14,0.42,0.26,3.0
Josh Culibao,177.8,185.4,Orthodox,"May 24, 1994",11,4,1,3.41,0.44,3.04,0.59,0.0,0.0,0.65,0.3
Josh Emmett,167.6,177.8,Orthodox,"Mar 04, 1985",19,7,0,3.67,0.35,4.52,0.59,1.07,0.36,0.43,0.1
Josh Fremd,193.0,193.0,Orthodox,"Jan 15, 1994",11,6,0,2.52,0.44,2.23,0.47,0.66,0.25,0.3,1.1
Josh Hokit,185.4,185.4,Orthodox,"Nov 12, 1997",9,0,0,9.25,0.62,6.81,0.44,3.89,0.43,0.75,0.0
Josh Parisian,193.0,200.7,Orthodox,"Jun 28, 1989",15,8,0,4.55,0.48,4.88,0.41,0.98,0.33,0.46,0.2
Josh Quinlan,182.9,182.9,Orthodox,"Feb 06, 1993",6,3,0,3.57,0.42,6.38,0.53,0.34,0.11,0.71,0.0
Joshua Van,165.1,165.1,Orthodox,"Oct 10, 2001",16,2,0,8.84,0.56,6.39,0.57,0.84,0.63,0.81,0.0
Josiah Harrell,170.2,172.7,Southpaw,"Nov 13, 1998",11,1,0,2.32,0.5,10.94,0.29,0.0,0.0,0.0,0.0
Josiane Nunes,157.5,170.2,Southpaw,"Dec 23, 1993",10,4,0,5.65,0.43,5.76,0.51,0.0,0.0,0.58,0.0
Josias Musasa,172.7,188.0,Southpaw,"Oct 10, 1998",8,2,0,3.19,0.45,4.39,0.36,0.9,0.5,0.81,0.5
Journey Newson,165.1,170.2,Orthodox,"Mar 07, 1989",10,5,0,2.64,0.32,2.57,0.64,0.56,0.16,0.43,0.3
Juancamilo Ronderos,160.0,162.6,Southpaw,"Feb 17, 1995",4,2,0,2.18,0.3,2.18,0.63,2.72,0.33,0.0,0.0
Julia Avila,170.2,172.7,Orthodox,"May 11, 1988",9,4,0,2.81,0.42,3.28,0.55,0.63,0.37,0.52,0.2
Julia Polastri,157.5,162.6,Orthodox,"Mar 05, 1998",14,5,0,6.4,0.54,5.4,0.57,0.73,0.8,0.6,0.4
Julian Erosa,185.4,188.0,Southpaw,"Jul 31, 1989",31,14,0,6.18,0.48,6.31,0.48,1.73,0.43,0.61,0.7
Julian Marquez,188.0,182.9,Orthodox,"May 08, 1990",9,6,0,5.06,0.45,5.35,0.5,0.0,0.0,0.54,2.6
Juliana Miller,170.2,167.6,Orthodox,"May 07, 1996",5,4,0,2.65,0.39,4.14,0.44,2.16,0.29,0.44,1.2
Julianna Pena,167.6,175.3,Orthodox,"Aug 19, 1989",13,6,0,3.1,0.44,2.56,0.57,1.7,0.54,0.24,0.8
Julija Stoliarenko,170.2,167.6,Orthodox,"Apr 08, 1993",11,10,2,2.74,0.38,4.45,0.46,0.78,0.2,0.54,1.4
Julio Arce,170.2,177.8,Southpaw,"Oct 27, 1989",19,6,0,4.36,0.36,3.05,0.68,0.46,0.28,0.96,0.3
Julius Walker,193.0,198.1,Orthodox,"Jul 16, 1999",7,2,0,3.73,0.53,4.03,0.43,4.09,0.38,1.0,0.0
JunYong Park,177.8,185.4,Orthodox,"Feb 27, 1991",19,7,0,4.64,0.51,3.82,0.51,1.69,0.42,0.54,0.8
Junior Tafa,190.5,190.5,Orthodox,"Sep 21, 1996",6,5,0,3.41,0.51,2.55,0.51,0.0,0.0,0.7,0.0
Justin Gaethje,180.3,177.8,Orthodox,"Nov 14, 1988",27,5,0,6.48,0.58,7.05,0.51,0.33,0.4,0.74,0.0
Justin Tafa,182.9,188.0,Southpaw,"Dec 13, 1993",7,5,0,4.05,0.54,5.11,0.47,0.0,0.0,0.53,0.0
Kaan Ofli,170.2,167.6,Orthodox,"Jun 19, 1993",14,4,1,2.33,0.45,3.34,0.54,0.38,0.07,0.0,0.4
Kai Asakura,172.7,175.3,Orthodox,"Oct 31, 1993",21,6,0,2.27,0.32,3.53,0.52,0.0,0.0,0.5,0.0
Kai Kara-France,162.6,175.3,Orthodox,"Mar 26, 1993",25,12,0,4.46,0.4,3.24,0.64,0.56,0.3,0.83,0.0
Kamaru Usman,182.9,193.0,Switch,"May 11, 1987",21,4,0,4.16,0.51,2.67,0.55,2.79,0.44,0.89,0.1
Kamuela Kirk,177.8,190.5,Switch,"Apr 13, 1994",12,6,0,3.22,0.5,5.87,0.4,1.5,0.26,0.47,1.2
Kanako Murata,154.9,157.5,Orthodox,"Aug 10, 1993",12,3,0,2.15,0.56,2.4,0.53,3.38,0.56,1.0,0.8
Karine Silva,165.1,170.2,Orthodox,"Dec 02, 1993",19,7,0,2.24,0.38,2.74,0.52,1.93,0.5,0.26,1.6
Karl Williams,190.5,200.7,Orthodox,"Jan 06, 1990",10,2,0,2.68,0.48,2.15,0.55,4.2,0.48,1.0,0.2
Karol Rosa,165.1,170.2,Orthodox,"Dec 30, 1994",19,7,0,5.88,0.56,4.59,0.49,1.17,0.48,0.7,0.2
Karolina Kowalkiewicz,160.0,162.6,Orthodox,"Oct 15, 1985",16,10,0,5.54,0.42,5.77,0.56,0.36,0.23,0.74,0.2
Katlyn Cerminara,175.3,172.7,Orthodox,"Dec 28, 1988",18,6,0,4.58,0.34,4.48,0.62,0.31,0.15,0.5,0.3
Kaue Fernandes,175.3,185.4,Orthodox,"Mar 17, 1995",11,2,0,4.28,0.55,1.42,0.62,1.18,1.0,0.76,0.0
Kayla Harrison,172.7,167.6,Southpaw,"Jul 02, 1990",19,1,0,4.29,0.62,1.1,0.66,2.84,0.37,1.0,0.9
Kaynan Kruschewsky,182.9,185.4,Orthodox,"Apr 04, 1991",15,3,0,5.67,0.5,5.71,0.46,2.74,1.0,0.75,2.1
Keiichiro Nakamura,177.8,177.8,Southpaw,"Dec 02, 1998",8,1,0,4.48,0.41,4.28,0.63,0.0,0.0,0.78,0.0
Kelvin Gastelum,175.3,180.3,Southpaw,"Oct 24, 1991",21,11,0,3.65,0.42,3.52,0.57,1.04,0.35,0.6,0.1
Kennedy Nzechukwu,195.6,210.8,Southpaw,"Jun 13, 1992",14,6,1,4.96,0.46,4.58,0.51,0.5,0.45,0.8,0.2
Ketlen Souza,160.0,160.0,Orthodox,"Aug 18, 1994",16,6,0,4.01,0.56,3.86,0.52,0.46,0.13,0.53,0.2
Ketlen Vieira,172.7,172.7,Orthodox,"Aug 26, 1991",15,5,0,2.76,0.4,3.75,0.5,1.33,0.44,0.9,0.6
Kevin Borjas,165.1,172.7,Orthodox,"Dec 06, 1997",10,5,0,3.96,0.44,5.64,0.49,0.0,0.0,0.7,0.0
Kevin Christian,200.7,203.2,Orthodox,"Jan 21, 1995",9,3,0,1.64,0.56,2.65,0.44,0.0,0.0,0.5,2.3
Kevin Holland,190.5,205.7,Orthodox,"Nov 05, 1992",29,15,0,4.24,0.49,3.21,0.5,0.79,0.36,0.57,0.6
Kevin Jousset,188.0,190.5,Orthodox,"May 02, 1993",10,4,0,6.61,0.51,6.49,0.5,0.69,0.4,1.0,0.3
Kevin Lee,175.3,195.6,Orthodox,"Sep 04, 1992",18,8,0,3.88,0.42,3.6,0.5,3.18,0.43,0.75,0.8
Kevin Vallejos,170.2,172.7,Switch,"Dec 08, 2001",18,1,0,6.12,0.48,4.41,0.57,0.66,0.28,0.84,0.0
Khalil Rountree Jr.,185.4,193.0,Southpaw,"Feb 26, 1990",15,7,0,3.88,0.4,4.33,0.49,0.0,0.0,0.58,0.1
Khamzat Chimaev,188.0,190.5,Orthodox,"May 01, 1994",15,0,0,4.04,0.6,2.32,0.43,5.29,0.55,0.85,1.8
Khaos Williams,182.9,195.6,Orthodox,"Mar 30, 1994",15,5,0,4.94,0.39,5.39,0.4,0.0,0.0,0.51,0.0
Khusein Askhabov,172.7,175.3,Orthodox,"Feb 13, 1995",23,1,0,2.0,0.26,4.13,0.56,0.0,0.0,0.66,0.0
Kiefer Crosbie,180.3,177.8,Switch,"Apr 05, 1990",10,6,0,4.46,0.64,5.8,0.46,0.0,0.0,0.4,0.0
King Green,177.8,180.3,Orthodox,"Sep 09, 1986",34,17,1,6.38,0.53,3.58,0.62,1.31,0.42,0.72,0.3
Kiru Sahota,177.8,185.4,Orthodox,"May 28, 1995",12,3,0,4.05,0.52,2.64,0.41,0.92,0.33,0.5,0.5
Klaudia Sygula,172.7,175.3,Orthodox,"Dec 30, 1998",8,2,0,7.27,0.48,5.5,0.56,0.41,0.12,0.4,0.0
Kleydson Rodrigues,165.1,170.2,Orthodox,"Oct 22, 1995",8,4,0,4.58,0.57,2.29,0.53,0.6,0.22,0.53,0.6
Kody Steele,175.3,180.3,Orthodox,"Apr 21, 1995",7,1,0,4.44,0.32,7.17,0.52,0.62,0.14,1.0,0.0
Kris Moutinho,170.2,172.7,Southpaw,"Aug 09, 1992",14,8,0,3.35,0.33,9.36,0.3,0.0,0.0,0.3,0.0
Kron Gracie,175.3,177.8,Southpaw,"Jul 11, 1988",5,3,0,2.95,0.42,5.73,0.51,0.35,0.25,0.0,0.7
Kurt Holobaugh,180.3,177.8,Orthodox,"Sep 08, 1986",22,10,0,4.58,0.44,4.24,0.49,0.65,0.33,0.38,0.8
Kurtis Campbell,175.3,182.9,Switch,"Jul 29, 2002",8,1,0,3.5,0.48,2.63,0.51,8.76,0.4,0.5,0.0
Kyle Daukaus,188.0,193.0,Southpaw,"Feb 27, 1993",17,4,0,3.32,0.53,2.9,0.42,2.08,0.25,0.82,2.1
Kyle Nelson,180.3,180.3,Switch,"Apr 20, 1991",17,7,1,3.6,0.45,4.58,0.53,1.18,0.23,0.66,0.5
Kyle Prepolec,177.8,177.8,Southpaw,"Aug 30, 1989",18,10,0,3.25,0.34,5.69,0.48,0.0,0.0,0.45,0.0
Kyler Phillips,172.7,182.9,Orthodox,"Jun 12, 1995",12,5,0,4.75,0.43,3.83,0.58,2.82,0.47,0.75,0.3
Kyoji Horiguchi,162.6,160.0,Orthodox,"Oct 12, 1990",36,5,0,3.77,0.47,2.13,0.63,1.61,0.4,0.61,0.1
Kyung Ho Kang,175.3,185.4,Orthodox,"Sep 09, 1987",19,11,0,3.13,0.47,3.32,0.54,1.97,0.5,0.68,0.8
Lance Gibson Jr.,175.3,182.9,Switch,"Feb 02, 1995",10,2,0,2.4,0.45,4.24,0.56,1.67,0.66,0.75,0.0
Lando Vannata,175.3,180.3,Orthodox,"Mar 14, 1992",12,8,2,4.52,0.45,4.71,0.54,1.24,0.36,0.66,0.3
Landon Quinones,175.3,177.8,Southpaw,"Nov 21, 1995",7,3,1,6.77,0.4,7.7,0.55,0.5,0.33,1.0,0.0
Lauren Murphy,165.1,170.2,Orthodox,"Jul 27, 1983",16,7,0,3.94,0.38,5.19,0.56,1.09,0.24,0.67,0.2
Lawrence Lui,170.2,182.9,Orthodox,"Aug 04, 1996",8,1,0,3.72,0.39,3.32,0.6,5.3,0.4,1.0,0.0
Leon Edwards,188.0,188.0,Southpaw,"Aug 25, 1991",22,6,0,2.6,0.54,2.44,0.52,1.25,0.37,0.63,0.4
Lerone Murphy,175.3,185.4,Orthodox,"Jul 22, 1991",17,1,1,4.34,0.51,2.65,0.6,1.2,0.54,0.44,0.5
Lerryan Douglas,175.3,182.9,Orthodox,"Apr 27, 1995",14,5,0,8.67,0.64,4.82,0.63,0.0,0.0,0.0,0.0
Li Jingliang,182.9,180.3,Orthodox,"Mar 20, 1988",19,9,0,4.46,0.42,3.95,0.56,1.19,0.41,0.6,0.0
Liang Na,165.1,170.2,Orthodox,"Jul 27, 1996",19,8,0,1.99,0.42,3.95,0.36,3.6,0.58,0.25,0.5
Lina Lansberg,170.2,165.1,Orthodox,"Mar 13, 1982",10,8,0,2.69,0.55,3.87,0.44,0.52,0.27,0.47,0.1
Loik Radzhabov,180.3,175.3,Orthodox,"Sep 17, 1990",18,6,1,2.89,0.44,3.76,0.46,4.65,0.57,0.42,0.0
Loma Lookboonmee,154.9,154.9,Orthodox,"Jan 18, 1996",10,4,0,3.67,0.55,2.52,0.53,1.81,0.5,0.68,0.1
Lone'er Kavanagh,167.6,170.2,Orthodox,"Jun 09, 1999",10,1,0,4.13,0.48,3.49,0.56,1.12,0.45,0.94,0.2
Loopy Godinez,157.5,154.9,Orthodox,"Sep 06, 1993",14,6,0,4.43,0.49,3.94,0.62,2.99,0.42,0.76,0.8
Losene Keita,170.2,182.9,Orthodox,"Dec 30, 1997",16,2,0,3.47,0.43,4.47,0.62,0.0,0.0,1.0,0.0
Louie Sutherland,190.5,193.0,Orthodox,"Feb 08, 1994",10,5,0,3.75,0.52,7.5,0.22,4.69,0.33,0.0,0.0
Luan Lacerda,170.2,180.3,Orthodox,"Jan 07, 1993",13,4,0,4.06,0.42,6.15,0.49,2.82,0.39,0.66,0.6
Luana Carolina,167.6,175.3,Orthodox,"Jun 11, 1993",11,5,0,4.65,0.51,3.46,0.51,0.3,0.37,0.68,0.6
Luana Pinheiro,157.5,157.5,Orthodox,"Nov 18, 1992",11,5,0,3.29,0.39,4.06,0.6,2.33,0.37,0.71,0.2
Luana Santos,167.6,170.2,Orthodox,"Apr 16, 2000",10,2,0,2.99,0.52,2.93,0.63,2.17,0.47,0.85,1.2
Lucas Alexander,180.3,185.4,Orthodox,"Jul 28, 1995",8,5,0,4.69,0.57,2.87,0.56,0.0,0.0,0.6,0.0
Lucas Almeida,180.3,180.3,Orthodox,"Jan 31, 1991",15,5,0,4.94,0.39,5.36,0.44,0.0,0.0,0.53,0.0
Lucas Rocha,160.0,162.6,Orthodox,"Aug 12, 2000",18,2,0,5.09,0.49,3.67,0.56,1.64,0.75,0.76,0.0
Lucie Pudilova,172.7,170.2,Orthodox,"Jun 13, 1994",14,10,0,3.6,0.37,4.07,0.5,0.7,0.31,0.67,0.6
Ludovit Klein,170.2,182.9,Southpaw,"Feb 22, 1995",24,5,1,3.76,0.53,3.48,0.53,1.37,0.51,0.76,0.0
Luis Gurule,165.1,162.6,Orthodox,"Nov 16, 1993",10,3,0,4.47,0.4,4.74,0.59,0.58,0.14,0.58,0.0
Luis Pajuelo,177.8,175.3,Orthodox,"Dec 18, 1994",8,2,0,6.03,0.57,8.2,0.52,0.0,0.0,0.66,0.0
Lukasz Brzeski,190.5,198.1,Orthodox,"May 17, 1992",9,7,1,4.9,0.5,3.65,0.54,0.41,0.33,0.35,0.4
Luke Fernandez,185.4,193.0,Orthodox,"Jun 29, 1995",6,1,0,8.14,0.58,10.17,0.36,0.0,0.0,0.0,0.0
Luke Riley,175.3,175.3,Orthodox,"Jun 30, 1999",13,0,0,5.56,0.57,3.32,0.64,0.0,0.0,0.37,0.0
Mackenzie Dern,162.6,160.0,Orthodox,"Mar 24, 1993",16,5,0,3.47,0.41,3.93,0.51,0.93,0.18,0.37,1.1
Macy Chiasson,180.3,182.9,Orthodox,"Jul 27, 1991",11,6,0,3.21,0.46,2.76,0.44,1.87,0.35,0.62,0.4
Magomed Ankalaev,190.5,190.5,Orthodox,"Jun 02, 1992",21,2,1,3.65,0.52,2.59,0.56,0.79,0.22,0.87,0.0
Magomed Gadzhiyasulov,188.0,190.5,Orthodox,"Nov 04, 1993",9,1,0,2.89,0.49,1.64,0.62,3.67,0.73,0.61,0.0
Maheshate,182.9,180.3,Orthodox,"Dec 01, 1999",10,5,0,3.96,0.31,5.96,0.51,0.0,0.0,0.47,0.0
Mairon Santos,170.2,182.9,Orthodox,"Jun 10, 2000",18,1,0,3.33,0.48,2.24,0.65,0.0,0.0,0.69,0.0
Makhmud Muradov,188.0,190.5,Orthodox,"Feb 08, 1990",26,8,0,4.21,0.43,2.57,0.61,3.03,0.66,0.77,0.2
Makwan Amirkhani,177.8,182.9,Southpaw,"Nov 08, 1988",17,9,0,1.33,0.44,2.98,0.46,3.96,0.43,0.35,1.1
Malcolm Gordon,170.2,180.3,Switch,"May 19, 1990",14,8,0,2.5,0.45,2.0,0.43,1.72,0.35,0.26,1.0
Malcolm Wellmaker,177.8,180.3,Switch,"Jun 04, 1994",10,1,0,5.8,0.56,5.39,0.52,0.0,0.0,0.57,0.0
Mana Martinez,177.8,177.8,Orthodox,"Mar 25, 1996",10,4,0,4.33,0.48,4.94,0.5,0.72,0.42,0.25,0.5
Mandy Bohm,170.2,180.3,Orthodox,"Jul 30, 1989",8,2,0,2.51,0.45,3.24,0.6,0.72,0.18,0.75,0.7
Manel Kape,165.1,172.7,Southpaw,"Nov 14, 1993",22,7,0,5.04,0.56,4.08,0.57,0.4,0.3,0.81,0.3
Manoel Sousa,175.3,177.8,Orthodox,"Jun 04, 1997",14,1,0,4.15,0.45,3.71,0.51,0.0,0.0,0.6,1.6
Manolo Zecchini,172.7,172.7,Orthodox,"Oct 22, 1996",11,5,0,3.72,0.28,12.82,0.45,0.0,0.0,0.0,0.0
Manon Fiorot,170.2,165.1,Orthodox,"Feb 17, 1990",13,2,0,5.66,0.42,3.58,0.66,1.05,0.29,0.87,0.0
Mansur Abdul-Malik,188.0,203.2,Orthodox,"Oct 07, 1997",9,1,1,3.28,0.44,4.49,0.46,1.65,0.41,0.83,0.3
Mantas Kondratavicius,188.0,190.5,Orthodox,"Jul 17, 1999",9,1,0,4.97,0.65,1.3,0.57,2.8,0.6,0.91,0.9
Manuel Torres,177.8,185.4,Switch,"Mar 25, 1995",17,3,0,7.29,0.59,4.08,0.54,1.72,0.66,0.9,0.9
MarQuel Mederos,177.8,175.3,Orthodox,"Nov 30, 1996",11,1,1,5.46,0.58,4.58,0.52,0.23,0.08,0.82,0.0
Marc Diakiese,177.8,185.4,Orthodox,"Mar 16, 1993",17,7,0,2.54,0.4,2.64,0.52,3.29,0.43,0.66,0.0
Marc-Andre Barriault,185.4,188.0,Orthodox,"Feb 18, 1990",17,11,0,5.65,0.47,5.94,0.49,0.34,0.28,0.68,0.1
Marcin Prachnio,190.5,185.4,Orthodox,"Jul 14, 1988",17,9,0,5.52,0.54,3.15,0.54,0.14,0.2,0.53,0.0
Marcin Tybura,190.5,198.1,Orthodox,"Nov 09, 1985",27,11,0,3.56,0.48,3.26,0.55,1.3,0.33,0.7,0.1
Marco Tulio,182.9,188.0,Orthodox,"Jun 13, 1994",14,2,0,6.69,0.58,2.58,0.59,1.42,0.26,0.0,0.3
Marcos Rogerio de Lima,185.4,190.5,Orthodox,"Jun 25, 1985",22,10,1,3.7,0.57,2.9,0.51,1.4,0.45,0.59,0.5
Marcus Buchecha,188.0,195.6,Orthodox,"Jan 08, 1990",5,2,1,1.7,0.49,2.17,0.51,2.0,0.16,0.0,0.0
Marcus McGhee,172.7,175.3,Orthodox,"May 07, 1990",10,2,0,5.5,0.45,3.64,0.57,0.31,0.14,0.9,0.3
Marek Bujlo,193.0,195.6,Orthodox,"Oct 10, 1992",6,1,0,2.07,0.38,3.27,0.37,0.0,0.0,0.0,0.0
Maria Oliveira,167.6,175.3,Orthodox,"Dec 12, 1996",13,7,0,5.03,0.38,5.76,0.44,0.95,0.44,0.47,0.0
Marina Rodriguez,167.6,165.1,Orthodox,"Apr 29, 1987",17,6,2,4.51,0.46,3.01,0.55,0.27,0.5,0.61,0.3
Mario Bautista,175.3,175.3,Switch,"Jul 01, 1993",17,3,0,5.3,0.48,3.98,0.54,1.91,0.38,0.55,0.8
Mario Pinto,195.6,200.7,Orthodox,"Mar 14, 1998",12,0,0,2.85,0.69,1.93,0.58,2.38,0.26,1.0,0.9
Mariya Agapova,167.6,172.7,Southpaw,"Apr 07, 1997",10,5,0,4.43,0.54,3.62,0.52,0.55,0.66,0.45,0.8
Mark Choinski,172.7,175.3,Orthodox,"Oct 22, 1995",8,1,0,3.87,0.5,7.33,0.33,2.0,0.18,0.0,0.0
Mark Madsen,172.7,182.9,Orthodox,"Sep 23, 1984",12,2,0,3.56,0.49,3.97,0.52,2.86,0.66,0.62,0.0
Marlon Vera,172.7,177.8,Switch,"Dec 02, 1992",23,12,1,4.18,0.47,5.34,0.5,0.47,0.39,0.71,0.8
Marnic Mann,152.4,162.6,Southpaw,"Mar 05, 1993",6,3,0,1.47,0.41,5.08,0.31,1.9,0.33,0.25,0.4
Martin Buday,193.0,195.6,Orthodox,"Nov 11, 1991",16,2,0,4.39,0.53,4.49,0.55,0.15,0.2,0.93,0.1
Marvin Vettori,182.9,188.0,Southpaw,"Sep 20, 1993",19,10,1,4.74,0.45,4.55,0.56,1.41,0.43,0.68,0.4
Marwan Rahiki,172.7,182.9,Orthodox,"May 10, 2002",8,0,0,7.73,0.52,6.33,0.56,0.0,0.0,1.0,0.9
Maryna Moroz,170.2,170.2,Orthodox,"Sep 08, 1991",11,6,0,4.42,0.33,4.89,0.51,0.7,0.24,0.42,0.6
Mason Jones,177.8,188.0,Orthodox,"Apr 26, 1995",18,2,0,5.98,0.42,4.45,0.5,3.48,0.55,0.73,0.2
Mateus Mendonca,167.6,180.3,Orthodox,"Jan 17, 1999",10,3,0,1.66,0.4,4.14,0.3,2.54,0.27,0.55,0.4
Mateusz Gamrot,177.8,177.8,Southpaw,"Dec 11, 1990",26,4,0,3.21,0.51,2.81,0.6,5.22,0.38,0.83,0.2
Mateusz Rebecki,170.2,167.6,Southpaw,"Oct 03, 1992",20,4,0,5.21,0.46,4.69,0.53,3.38,0.52,0.5,0.5
Matheus Camilo,177.8,175.3,Orthodox,"Jan 02, 2001",10,3,0,2.19,0.43,3.25,0.64,4.43,0.53,0.0,0.6
Matheus Nicolau,167.6,167.6,Orthodox,"Jan 06, 1993",19,6,1,3.31,0.51,2.98,0.65,1.22,0.43,0.9,0.8
Matt Brown,182.9,190.5,Orthodox,"Jan 10, 1981",26,19,0,3.76,0.55,2.92,0.55,1.68,0.46,0.63,1.3
Matt Frevola,175.3,180.3,Orthodox,"Jun 11, 1990",11,6,1,3.3,0.39,3.76,0.56,2.34,0.41,0.4,0.8
Matt Schnell,172.7,177.8,Orthodox,"Jan 15, 1990",17,10,0,4.07,0.4,4.11,0.55,0.6,0.45,0.43,1.2
Matthew Semelsberger,185.4,190.5,Switch,"Nov 23, 1992",11,8,0,3.77,0.42,4.24,0.54,1.01,0.57,0.45,0.4
Mauricio Rua,185.4,193.0,Orthodox,"Nov 25, 1981",27,14,1,3.57,0.5,2.79,0.54,2.01,0.48,0.49,0.7
Mauricio Ruffy,180.3,190.5,Orthodox,"Jun 17, 1996",13,2,0,4.19,0.58,4.09,0.58,0.0,0.0,0.85,0.0
Max Gimenis,188.0,190.5,Orthodox,"Apr 14, 1993",6,2,0,3.21,0.42,9.64,0.47,0.0,0.0,0.0,0.0
Max Griffin,180.3,193.0,Orthodox,"Nov 29, 1985",20,12,0,3.76,0.47,3.7,0.58,1.28,0.4,0.7,0.3
Max Holloway,180.3,175.3,Orthodox,"Dec 04, 1991",27,9,0,6.91,0.48,4.61,0.58,0.23,0.53,0.81,0.3
Maxim Grishin,190.5,198.1,Orthodox,"May 02, 1984",32,10,2,3.26,0.52,2.27,0.58,0.21,0.16,0.66,0.0
Maycee Barber,165.1,165.1,Switch,"May 18, 1998",15,3,0,4.56,0.53,2.78,0.55,1.56,0.45,0.51,0.1
Mayra Bueno Silva,167.6,167.6,Orthodox,"Aug 22, 1991",10,6,1,3.71,0.56,4.9,0.51,0.51,0.23,0.63,1.3
Melissa Croden,175.3,172.7,Orthodox,"Apr 12, 1991",8,3,0,4.27,0.47,2.13,0.59,2.02,0.5,0.66,0.3
Melissa Gatto,165.1,175.3,Orthodox,"May 02, 1996",9,3,2,3.47,0.49,2.67,0.54,1.77,0.27,0.58,0.4
Melissa Martinez,157.5,167.6,Southpaw,"Aug 18, 1997",8,2,0,3.78,0.47,5.21,0.53,0.35,0.5,0.5,0.0
Melissa Mullins,170.2,172.7,Orthodox,"Jul 23, 1991",7,2,0,3.71,0.5,4.39,0.52,2.03,0.42,0.85,0.0
Melquizael Costa,177.8,180.3,Southpaw,"Sep 14, 1996",26,7,0,4.38,0.49,2.97,0.54,2.0,0.4,0.58,1.1
Melsik Baghdasaryan,175.3,177.8,Southpaw,"Jan 28, 1992",8,3,0,5.04,0.59,3.14,0.56,0.0,0.0,0.72,0.0
Merab Dvalishvili,167.6,172.7,Orthodox,"Jan 10, 1991",21,5,0,4.42,0.41,2.8,0.54,5.97,0.35,0.76,0.3
Michael Aswell Jr.,172.7,175.3,Orthodox,"Sep 27, 2000",11,4,0,7.79,0.42,7.43,0.51,0.32,1.0,0.57,0.0
Michael Chandler,172.7,180.3,Orthodox,"Apr 24, 1986",23,10,0,4.04,0.49,4.52,0.43,1.96,0.41,0.61,0.6
Michael Chiesa,185.4,190.5,Southpaw,"Dec 07, 1987",20,7,0,2.02,0.4,1.73,0.57,3.11,0.47,0.65,1.0
Michael Johnson,177.8,185.4,Southpaw,"Jun 04, 1986",25,20,0,4.27,0.39,3.78,0.58,0.57,0.38,0.81,0.0
Michael Morales,182.9,200.7,Orthodox,"Jun 24, 1999",19,0,0,5.68,0.49,3.26,0.53,1.04,0.41,0.89,0.0
Michael Page,190.5,200.7,Switch,"Apr 07, 1987",25,3,0,2.28,0.58,1.51,0.62,0.19,0.16,0.7,0.0
Michal Figlak,177.8,177.8,Orthodox,"Aug 15, 1996",8,2,0,4.0,0.39,4.93,0.52,0.5,0.12,0.57,0.0
Michal Oleksiejczuk,182.9,188.0,Southpaw,"Feb 22, 1995",22,9,0,5.85,0.53,4.5,0.59,1.02,0.42,0.52,0.0
Michel Pereira,185.4,185.4,Orthodox,"Oct 06, 1993",32,14,0,4.46,0.51,4.4,0.51,1.21,0.56,0.75,0.7
Michelle Montague,175.3,172.7,Southpaw,"Nov 25, 1993",7,0,0,2.73,0.46,3.2,0.41,5.0,0.71,0.0,0.0
Michelle Waterson-Gomez,160.0,157.5,Orthodox,"Jan 06, 1986",18,13,0,3.42,0.46,4.25,0.48,1.39,0.33,0.69,0.6
Mick Parkin,193.0,200.7,Orthodox,"Oct 02, 1995",10,1,0,4.7,0.5,4.13,0.58,1.38,0.46,0.5,0.2
Mickey Gall,188.0,188.0,Switch,"Jan 22, 1992",7,7,0,3.5,0.49,4.72,0.49,1.15,0.32,0.37,1.6
Miesha Tate,167.6,165.1,Orthodox,"Aug 18, 1986",20,10,0,2.62,0.44,3.05,0.51,1.97,0.3,0.56,1.2
Miguel Baeza,188.0,188.0,Orthodox,"Aug 23, 1992",10,4,0,4.09,0.49,5.92,0.46,0.36,0.22,0.54,2.0
Mike Breeden,177.8,177.8,Orthodox,"Apr 21, 1989",11,6,0,5.75,0.45,7.28,0.42,0.98,0.3,0.67,0.0
Mike Davis,182.9,182.9,Orthodox,"Oct 07, 1992",12,3,0,4.73,0.53,5.23,0.54,2.4,0.44,0.6,0.8
Mike Malott,185.4,185.4,Orthodox,"Nov 07, 1991",14,2,1,4.02,0.48,3.09,0.56,1.63,0.5,0.57,0.7
Miles Johns,170.2,172.7,Orthodox,"Mar 30, 1994",15,5,0,3.36,0.44,2.99,0.65,1.22,0.26,0.77,0.0
Miranda Maverick,160.0,165.1,Southpaw,"Jul 01, 1997",17,6,0,3.22,0.44,2.25,0.61,2.16,0.4,0.45,0.4
Mitch Ramirez,180.3,180.3,Orthodox,"Nov 03, 1992",8,3,0,3.51,0.44,3.98,0.37,0.59,0.33,0.25,0.0
Mitch Raposo,165.1,162.6,Switch,"Oct 16, 1998",10,3,0,1.73,0.36,2.65,0.61,2.54,0.37,0.61,0.0
Mizuki,160.0,165.1,Orthodox,"Aug 19, 1994",16,6,0,4.45,0.52,4.65,0.49,0.75,0.33,0.8,0.0
Modestas Bukauskas,190.5,193.0,Switch,"Feb 10, 1994",19,7,0,3.24,0.42,4.05,0.5,0.26,0.66,0.79,0.1
Mohammad Yahya,175.3,185.4,Switch,"May 23, 1994",12,6,0,3.5,0.39,6.39,0.43,0.5,0.2,0.42,0.5
Mohammed Usman,188.0,200.7,Orthodox,"Apr 01, 1989",12,4,0,3.85,0.39,4.27,0.51,0.56,0.14,0.66,0.0
Molly McCann,162.6,157.5,Orthodox,"May 04, 1990",14,8,0,5.28,0.49,4.65,0.62,1.78,0.36,0.38,0.5
Montana De La Rosa,170.2,172.7,Orthodox,"Feb 14, 1995",13,9,1,2.9,0.37,3.39,0.45,1.85,0.33,0.68,0.8
Montel Jackson,177.8,190.5,Southpaw,"Apr 24, 1992",15,3,0,3.09,0.52,1.4,0.61,3.0,0.63,0.67,0.3
Montse Rendon,172.7,172.7,Orthodox,"Mar 16, 1989",7,2,0,2.95,0.27,3.65,0.57,1.91,0.37,0.85,0.3
Montserrat Conejo Ruiz,152.4,154.9,Southpaw,"Feb 03, 1993",10,5,0,2.21,0.29,6.19,0.44,1.75,0.5,0.44,0.6
Montserrat Rendon,172.7,172.7,Orthodox,"Mar 16, 1989",7,2,0,2.95,0.27,3.65,0.57,1.91,0.37,0.85,0.3
Morgan Charriere,172.7,175.3,Orthodox,"Oct 26, 1995",21,12,1,4.02,0.5,4.51,0.53,2.06,0.46,0.83,0.3
Mounir Lazzez,185.4,193.0,Orthodox,"Nov 16, 1987",11,3,0,7.49,0.55,5.42,0.53,1.8,0.57,0.71,0.0
Movsar Evloev,170.2,182.9,Orthodox,"Feb 11, 1994",20,0,0,3.91,0.47,2.8,0.61,4.78,0.52,0.61,0.2
Muhammad Mokaev,170.2,177.8,Orthodox,"Jul 30, 2000",13,0,0,1.61,0.45,1.35,0.57,5.29,0.41,0.25,0.8
Muhammad Naimov,175.3,177.8,Orthodox,"Aug 07, 1994",13,4,0,2.51,0.4,3.35,0.44,1.49,0.3,0.68,0.2
Muin Gafurov,170.2,172.7,Orthodox,"May 17, 1996",20,7,0,3.36,0.47,2.51,0.55,1.57,0.28,0.7,0.0
Muslim Salikhov,180.3,177.8,Orthodox,"Jun 09, 1984",22,6,0,3.37,0.49,2.96,0.62,1.07,0.32,0.72,0.0
Myktybek Orolbai,177.8,188.0,Orthodox,"Feb 10, 1998",16,2,1,2.78,0.5,2.7,0.51,8.77,0.59,0.4,0.5
Nasrat Haqparast,177.8,182.9,Southpaw,"Aug 22, 1995",18,6,0,6.36,0.45,6.0,0.63,0.34,0.2,0.86,0.0
Nassourdine Imavov,190.5,190.5,Orthodox,"Mar 01, 1996",17,4,0,4.28,0.54,3.17,0.58,0.74,0.32,0.81,1.0
Natalia Silva,162.6,165.1,Southpaw,"Feb 03, 1997",20,5,1,4.81,0.45,2.36,0.66,0.43,0.3,0.9,0.0
Natan Levy,175.3,180.3,Southpaw,"Sep 30, 1991",8,2,0,3.7,0.52,3.19,0.58,5.03,0.58,0.41,0.5
Nate Landwehr,175.3,182.9,Orthodox,"Jun 06, 1988",18,8,0,5.55,0.45,5.96,0.51,0.73,0.41,0.71,0.7
Nate Maness,177.8,182.9,Orthodox,"Jun 27, 1991",16,3,0,3.14,0.5,3.88,0.42,0.68,0.75,0.8,0.7
Nathan Fletcher,170.2,177.8,Orthodox,"Jan 03, 1998",9,3,0,3.41,0.59,2.16,0.57,3.37,0.38,0.5,0.7
Nathaniel Wood,167.6,175.3,Orthodox,"May 08, 1993",23,6,0,5.64,0.51,4.25,0.54,1.35,0.48,0.73,0.5
Navajo Stirling,193.0,200.7,Orthodox,"Nov 07, 1997",9,0,0,6.25,0.52,2.67,0.58,0.98,0.28,0.82,0.0
Nazim Sadykhov,177.8,175.3,Southpaw,"May 16, 1994",11,2,1,4.79,0.49,5.49,0.49,1.1,0.45,0.72,0.2
Neil Magny,190.5,203.2,Orthodox,"Aug 03, 1987",31,15,0,3.4,0.46,2.44,0.51,2.17,0.39,0.55,0.3
Nick Aguirre,175.3,188.0,Southpaw,"Jan 15, 1996",7,2,0,0.73,0.33,2.89,0.45,1.16,0.2,0.33,0.6
Nick Fiore,177.8,182.9,Orthodox,"Dec 10, 1997",6,2,0,2.83,0.46,7.93,0.42,2.5,0.45,0.71,0.0
Nick Klein,185.4,195.6,Orthodox,"Sep 08, 1995",6,3,0,2.51,0.56,3.41,0.39,5.79,0.35,0.66,1.9
Nicolas Dalby,180.3,188.0,Orthodox,"Nov 16, 1984",24,6,1,3.88,0.43,3.51,0.52,0.9,0.26,0.59,0.1
Nicolle Caliari,160.0,157.5,Orthodox,"Nov 04, 1996",8,4,0,3.46,0.38,7.01,0.53,2.88,0.24,0.0,1.0
Nikita Krylov,190.5,195.6,Orthodox,"Mar 07, 1992",31,11,0,4.36,0.54,2.59,0.47,2.05,0.37,0.53,1.2
Niko Price,182.9,193.0,Orthodox,"Sep 29, 1989",16,11,0,5.11,0.43,5.57,0.48,1.06,0.3,0.5,0.6
Nikolas Motta,175.3,177.8,Orthodox,"Feb 08, 1993",15,6,0,4.13,0.38,5.28,0.52,0.0,0.0,0.83,0.0
Nikolay Veretennikov,185.4,188.0,Orthodox,"Dec 22, 1989",14,7,0,2.69,0.56,3.3,0.45,0.42,0.16,0.62,0.4
Nora Cornolle,170.2,170.2,Orthodox,"Dec 06, 1989",9,4,0,2.73,0.55,2.04,0.56,0.22,0.11,0.47,0.2
Norma Dumont,170.2,170.2,Orthodox,"Oct 01, 1990",13,2,0,3.89,0.5,2.12,0.65,1.56,0.56,0.68,0.0
Nursulton Ruziboev,195.6,193.0,Orthodox,"Nov 19, 1993",36,9,2,2.59,0.46,2.89,0.48,0.75,0.66,0.33,0.0
Nurullo Aliev,177.8,182.9,Orthodox,"Dec 08, 2000",11,0,0,2.72,0.44,1.63,0.58,2.12,0.43,0.8,0.3
Nyamjargal Tumendemberel,170.2,180.3,Orthodox,"Mar 22, 1998",10,1,0,2.72,0.42,2.47,0.53,3.37,0.5,0.56,2.1
Oban Elliott,182.9,182.9,Orthodox,"Dec 19, 1997",12,4,0,3.62,0.48,2.24,0.61,1.52,0.4,0.52,0.0
Ode Osbourne,170.2,185.4,Southpaw,"Jan 09, 1992",13,9,0,2.94,0.4,3.24,0.49,0.94,0.29,0.66,0.4
Omar Morales,180.3,185.4,Orthodox,"Oct 17, 1985",11,4,0,3.42,0.4,3.18,0.58,0.46,1.0,0.63,0.0
Orion Cosce,180.3,180.3,Switch,"Jul 15, 1994",8,2,0,2.77,0.53,4.02,0.44,1.92,0.4,0.61,0.0
Ottman Azaitar,172.7,180.3,Switch,"Feb 20, 1990",13,3,0,4.43,0.44,4.11,0.52,0.0,0.0,1.0,0.0
Oumar Sy,193.0,210.8,Orthodox,"Nov 21, 1995",12,2,0,3.41,0.48,1.87,0.66,2.45,0.35,0.66,0.3
Ovince Saint Preux,190.5,203.2,Southpaw,"Apr 08, 1983",27,18,0,3.03,0.47,3.33,0.47,1.09,0.36,0.67,0.5
Ozzy Diaz,193.0,200.7,Orthodox,"Nov 22, 1990",10,3,0,6.44,0.5,7.23,0.59,0.0,0.0,0.5,0.0
Paddy Pimblett,177.8,185.4,Orthodox,"Jan 03, 1995",23,4,0,5.49,0.52,3.89,0.42,0.69,0.21,0.44,1.2
Pannie Kianzad,170.2,167.6,Orthodox,"Dec 08, 1991",17,9,0,4.88,0.49,4.09,0.51,0.41,0.33,0.65,0.1
Parker Porter,182.9,190.5,Orthodox,"Apr 22, 1985",14,9,0,6.55,0.5,6.32,0.51,1.35,0.26,0.66,0.5
Pat Sabatini,172.7,177.8,Orthodox,"Nov 09, 1990",21,5,0,1.69,0.59,1.09,0.5,4.48,0.5,0.5,1.5
Patchy Mix,180.3,177.8,Southpaw,"Aug 16, 1993",20,3,0,5.3,0.43,7.3,0.43,2.5,0.62,0.0,0.0
Patricio Freire,167.6,170.2,Orthodox,"Jul 07, 1987",37,9,0,2.77,0.45,4.61,0.55,1.26,0.33,0.74,0.5
Paul Craig,190.5,193.0,Orthodox,"Nov 27, 1987",17,10,1,2.5,0.45,3.04,0.43,1.43,0.18,0.35,1.3
Paulo Costa,185.4,182.9,Orthodox,"Apr 21, 1991",16,4,0,6.15,0.59,5.96,0.49,0.3,0.42,0.77,0.0
Payton Talbott,177.8,177.8,Switch,"Sep 09, 1998",11,1,0,6.62,0.56,3.41,0.46,0.78,0.44,0.77,0.2
Pedro Falcao,167.6,167.6,Orthodox,"Jul 30, 1992",16,5,0,3.21,0.48,3.39,0.5,2.73,0.25,0.66,0.0
Pedro Munhoz,167.6,165.1,Orthodox,"Sep 07, 1986",20,10,0,5.38,0.41,6.29,0.55,0.48,0.16,0.82,0.5
Pete Rodriguez,175.3,180.3,Switch,"Nov 13, 1996",5,2,0,9.28,0.43,12.83,0.42,0.0,0.0,1.0,0.0
Petr Yan,170.2,170.2,Switch,"Feb 11, 1993",20,5,0,5.16,0.54,4.24,0.59,1.7,0.49,0.86,0.1
Phil Hawes,182.9,195.6,Orthodox,"Jan 08, 1989",12,6,0,5.33,0.59,3.72,0.55,2.11,0.34,0.9,0.2
Phil Rowe,190.5,203.2,Orthodox,"Jul 18, 1990",11,7,0,3.51,0.49,4.15,0.5,0.46,0.36,0.53,0.2
Philipe Lins,188.0,198.1,Orthodox,"Aug 17, 1985",18,5,0,3.8,0.49,3.59,0.46,1.65,0.33,1.0,0.0
Piera Rodriguez,160.0,160.0,Orthodox,"Nov 11, 1992",12,2,0,4.04,0.46,3.13,0.53,4.04,0.5,0.81,0.0
Polyana Viana,165.1,170.2,Orthodox,"Jun 14, 1992",13,8,0,2.74,0.4,2.5,0.53,0.75,0.33,0.35,1.7
Preston Parsons,180.3,180.3,Orthodox,"Jul 15, 1995",11,6,0,3.54,0.51,3.25,0.54,3.46,0.36,0.71,2.3
Priscila Cachoeira,170.2,165.1,Orthodox,"Aug 19, 1988",13,8,0,4.43,0.44,7.6,0.45,0.25,0.4,0.69,0.0
Puja Tomar,162.6,149.9,Southpaw,"Dec 05, 1993",9,5,0,5.61,0.48,5.82,0.46,0.0,0.0,1.0,0.0
Punahele Soriano,180.3,182.9,Southpaw,"Nov 22, 1992",13,4,0,4.42,0.53,3.31,0.47,1.97,0.51,0.48,0.1
Quang Le,170.2,177.8,Orthodox,"Oct 18, 1991",9,3,0,2.82,0.38,4.59,0.49,2.9,0.33,1.0,0.4
Quillan Salkilld,182.9,190.5,Orthodox,"Dec 28, 1999",11,1,0,5.16,0.57,3.24,0.44,7.95,0.36,0.9,0.8
Rafa Garcia,170.2,177.8,Orthodox,"Aug 05, 1994",18,4,0,4.31,0.45,4.54,0.61,3.13,0.44,0.76,0.5
Rafael Alves,172.7,172.7,Orthodox,"Nov 14, 1990",20,12,0,1.85,0.48,3.3,0.58,0.29,0.25,0.44,1.5
Rafael Cerqueira,190.5,193.0,Southpaw,"Mar 15, 1990",11,4,0,1.56,0.43,5.05,0.36,0.0,0.0,0.36,0.0
Rafael Dos Anjos,172.7,177.8,Southpaw,"Oct 26, 1984",32,17,0,3.48,0.47,3.23,0.6,1.95,0.35,0.54,0.6
Rafael Estevam,172.7,175.3,Orthodox,"Aug 10, 1996",14,1,0,2.4,0.39,3.9,0.45,4.91,0.33,0.66,0.2
Rafael Fiziev,172.7,180.3,Switch,"Mar 05, 1993",13,5,0,4.71,0.52,4.84,0.49,0.83,0.66,0.9,0.0
Rafael Tobias,188.0,188.0,Orthodox,"Mar 20, 2003",14,2,0,2.77,0.36,5.81,0.35,2.4,0.33,1.0,1.6
Ramazan Temirov,162.6,160.0,Orthodox,"Jan 31, 1997",19,3,0,4.37,0.4,3.93,0.59,0.84,0.5,1.0,0.0
Ramiz Brahimaj,177.8,182.9,Orthodox,"Nov 17, 1992",13,6,0,2.29,0.48,3.27,0.47,1.99,0.34,0.44,1.6
Ramon Taveras,172.7,177.8,Southpaw,"Jan 09, 1994",10,4,0,4.07,0.43,6.45,0.54,0.0,0.0,0.72,0.0
Randy Brown,190.5,198.1,Orthodox,"Jul 08, 1990",20,8,0,4.39,0.47,3.35,0.53,0.71,0.34,0.74,0.5
Rani Yahya,167.6,170.2,Orthodox,"Sep 12, 1984",28,12,1,1.71,0.38,2.08,0.5,2.73,0.3,0.29,1.8
Raoni Barcelos,170.2,170.2,Orthodox,"May 01, 1987",21,5,0,4.92,0.51,4.4,0.61,2.22,0.31,0.87,0.6
Raphael Assuncao,165.1,167.6,Orthodox,"Jul 19, 1982",28,10,0,3.22,0.42,2.5,0.66,1.65,0.39,0.78,0.2
Raquel Pennington,170.2,170.2,Orthodox,"Sep 05, 1988",16,10,0,4.1,0.49,3.32,0.61,0.83,0.27,0.62,0.6
Raul Rosas Jr.,175.3,170.2,Switch,"Oct 08, 2004",12,1,0,1.34,0.42,1.24,0.52,6.1,0.54,0.25,0.9
Ravena Oliveira,165.1,165.1,Orthodox,"Feb 20, 1997",7,4,1,1.91,0.3,3.72,0.46,0.88,0.5,0.46,0.0
Rayanne dos Santos,157.5,157.5,Orthodox,"Jun 08, 1995",14,9,0,4.57,0.4,6.47,0.59,0.5,0.14,0.8,0.0
Regina Tarin,170.2,167.6,Southpaw,"Oct 19, 2004",8,0,0,7.6,0.47,7.0,0.57,1.0,0.33,0.5,0.0
Rei Tsuruya,167.6,172.7,Orthodox,"Jun 22, 2002",10,1,0,2.24,0.52,2.01,0.42,5.06,0.37,0.5,1.9
Reinier de Ridder,193.0,198.1,Southpaw,"Sep 07, 1990",21,4,0,2.47,0.48,2.36,0.46,2.56,0.29,0.4,0.6
Renato Moicano,180.3,182.9,Orthodox,"May 21, 1989",21,7,1,4.1,0.49,3.55,0.59,1.68,0.4,0.64,0.6
Rhys McKee,188.0,198.1,Orthodox,"Sep 10, 1995",14,7,1,4.71,0.4,7.15,0.47,0.0,0.0,0.47,0.0
Ricardo Ramos,175.3,182.9,Orthodox,"Aug 01, 1995",17,8,0,2.91,0.36,3.97,0.54,2.51,0.57,0.67,1.0
Ricky Glenn,182.9,177.8,Southpaw,"Apr 12, 1989",22,9,2,3.79,0.42,4.3,0.51,0.72,0.13,0.69,0.4
Ricky Simon,167.6,175.3,Orthodox,"Aug 31, 1992",22,7,1,3.03,0.42,3.9,0.61,4.49,0.41,0.76,0.3
Ricky Turcios,175.3,180.3,Orthodox,"Jun 05, 1993",13,6,0,4.68,0.39,3.84,0.51,0.85,0.17,0.44,0.3
Rinat Fakhretdinov,182.9,188.0,Orthodox,"Sep 28, 1991",24,1,1,5.03,0.52,3.61,0.54,3.91,0.34,0.91,0.2
Rinya Nakamura,170.2,172.7,Southpaw,"Mar 23, 1995",10,1,0,3.27,0.52,1.72,0.63,2.58,0.81,1.0,1.4
Rizvan Kuniev,193.0,193.0,Orthodox,"Mar 10, 1992",13,3,1,3.94,0.54,2.33,0.48,0.98,0.75,0.93,0.0
Rob Font,172.7,180.3,Orthodox,"Jun 25, 1987",22,10,0,5.11,0.45,3.53,0.57,0.7,0.29,0.37,0.3
Robbie Lawler,180.3,188.0,Southpaw,"Mar 20, 1982",30,16,0,3.85,0.47,4.67,0.59,0.65,0.64,0.65,0.0
Robelis Despaigne,200.7,213.4,Orthodox,"Sep 09, 1988",5,2,0,2.11,0.59,2.54,0.46,0.0,0.0,0.5,0.0
Robert Bryczek,182.9,190.5,Orthodox,"Jul 04, 1990",18,6,0,3.74,0.36,4.08,0.59,0.56,1.0,0.85,0.0
Robert Ruchala,172.7,182.9,Switch,"May 15, 1998",11,3,0,3.37,0.34,5.2,0.45,1.0,0.22,0.71,0.0
Robert Valentin,188.0,195.6,Orthodox,"Mar 31, 1995",12,6,0,1.3,0.55,2.72,0.33,0.59,0.5,0.55,1.8
Robert Whittaker,182.9,185.4,Orthodox,"Dec 20, 1990",27,9,0,4.39,0.43,3.36,0.59,0.73,0.38,0.82,0.0
Roberto Romero,172.7,177.8,Orthodox,"Jan 30, 2000",8,5,1,4.56,0.49,6.44,0.44,0.0,0.0,0.71,0.0
Rodolfo Bellato,190.5,190.5,Orthodox,"Feb 05, 1996",13,3,1,5.37,0.6,5.86,0.46,1.38,0.35,0.94,0.2
Rodolfo Vieira,182.9,185.4,Orthodox,"Sep 25, 1989",11,4,0,3.55,0.53,4.38,0.49,2.7,0.21,0.75,0.9
Rodrigo Nascimento,188.0,203.2,Orthodox,"Nov 26, 1992",11,3,0,3.71,0.47,4.34,0.44,1.02,0.37,0.6,0.5
Rodrigo Sezinando,175.3,180.3,Orthodox,"Dec 11, 1997",9,2,0,2.25,0.27,8.76,0.42,3.37,0.25,0.66,0.0
Rolando Bedoya,180.3,188.0,Orthodox,"Jan 13, 1997",14,5,0,6.23,0.47,5.5,0.52,0.0,0.0,0.75,0.2
Roman Dolidze,188.0,193.0,Orthodox,"Jul 15, 1988",15,5,0,3.19,0.41,3.71,0.48,1.16,0.43,0.32,0.7
Roman Kopylov,182.9,190.5,Southpaw,"May 04, 1992",14,5,0,4.59,0.5,5.18,0.52,1.14,0.47,0.88,0.0
Ronaldo Rodriguez,167.6,165.1,Orthodox,"May 07, 1999",17,3,0,2.71,0.43,3.8,0.44,1.09,0.36,0.64,0.8
Rongzhu,175.3,180.3,Orthodox,"Mar 07, 2000",27,6,0,6.02,0.51,5.44,0.52,1.35,0.62,0.84,0.1
Roosevelt Roberts,188.0,185.4,Orthodox,"Feb 11, 1994",12,6,0,2.84,0.43,3.1,0.52,1.18,0.26,0.5,0.7
Rose Namajunas,165.1,165.1,Orthodox,"Jun 29, 1992",15,8,0,3.5,0.41,3.38,0.63,1.47,0.48,0.62,0.3
Ryan Gandra,185.4,188.0,Orthodox,"May 08, 1995",9,1,0,13.02,0.5,1.7,0.81,0.0,0.0,1.0,0.0
Ryan Loder,188.0,193.0,Southpaw,"Jun 05, 1991",8,3,0,5.1,0.69,2.46,0.5,1.37,0.14,1.0,1.4
Ryan Spann,195.6,200.7,Orthodox,"Aug 24, 1991",23,11,0,3.19,0.39,4.14,0.43,1.3,0.34,0.52,1.8
Said Nurmagomedov,172.7,177.8,Orthodox,"Apr 05, 1992",18,5,0,3.08,0.48,2.05,0.55,0.86,0.15,0.63,1.1
Saimon Oliveira,162.6,182.9,Orthodox,"Apr 21, 1991",18,7,0,2.62,0.42,3.87,0.45,1.18,0.28,0.36,1.2
Sam Hughes,165.1,162.6,Orthodox,"Jun 28, 1992",11,7,0,4.41,0.47,4.69,0.58,1.12,0.29,0.63,0.2
Sam Patterson,190.5,198.1,Orthodox,"Apr 30, 1996",14,3,1,2.62,0.37,3.06,0.5,0.82,0.5,0.33,1.6
Sangwook Kim,182.9,180.3,Orthodox,"Oct 17, 1993",13,4,0,5.11,0.55,5.82,0.44,1.77,0.22,0.72,1.2
Santiago Luna,175.3,188.0,Orthodox,"Aug 06, 2004",8,0,0,8.2,0.54,3.82,0.71,4.21,0.83,0.5,0.8
Santiago Ponzinibbio,182.9,185.4,Orthodox,"Sep 26, 1986",31,9,0,4.78,0.41,4.68,0.61,0.6,0.27,0.71,0.0
Saygid Izagakhmaev,182.9,188.0,,"Sep 03, 1994",22,3,0,1.33,0.58,1.73,0.58,4.0,0.4,1.0,0.0
Sean Brady,177.8,182.9,Orthodox,"Nov 23, 1992",18,2,0,3.96,0.55,3.05,0.59,3.53,0.53,0.86,0.9
Sean O'Malley,180.3,182.9,Switch,"Oct 24, 1994",19,3,0,6.05,0.6,3.4,0.6,0.24,0.42,0.6,0.2
Sean Sharaf,190.5,195.6,Orthodox,"Jul 11, 1993",4,2,0,7.41,0.43,15.0,0.42,0.93,0.11,0.0,0.0
Sean Strickland,185.4,193.0,Orthodox,"Feb 27, 1991",30,7,0,6.04,0.42,4.57,0.6,0.71,0.64,0.76,0.2
Sean Woodson,188.0,198.1,Orthodox,"Jun 07, 1992",13,2,1,5.57,0.46,4.18,0.58,0.58,0.55,0.84,0.3
Sebastian Szalay,167.6,167.6,Orthodox,"Feb 03, 1994",10,2,0,4.94,0.41,2.2,0.65,0.51,0.2,0.84,0.0
Sedriques Dumas,188.0,200.7,Orthodox,"Aug 06, 1995",10,4,0,2.0,0.44,2.41,0.55,1.34,0.31,0.33,0.2
Seokhyeon Ko,177.8,180.3,Southpaw,"Sep 24, 1993",13,2,0,2.73,0.59,1.42,0.58,4.0,0.63,0.75,0.3
Sergei Pavlovich,190.5,213.4,Southpaw,"May 13, 1992",20,3,0,4.43,0.44,3.62,0.55,0.48,0.25,0.75,0.0
Serghei Spivac,190.5,198.1,Orthodox,"Jan 24, 1995",18,6,0,3.57,0.47,4.23,0.52,3.82,0.59,0.63,0.5
Serhiy Sidey,180.3,182.9,Switch,"Jul 04, 1996",12,2,0,4.49,0.39,4.26,0.54,1.58,0.25,0.2,1.3
SeungGuk Choi,167.6,162.6,Orthodox,"Dec 26, 1996",7,3,0,2.69,0.42,2.69,0.65,1.02,0.27,0.74,0.0
SeungWoo Choi,182.9,188.0,Orthodox,"Nov 03, 1992",11,8,0,3.56,0.38,3.16,0.47,0.83,0.54,0.7,0.0
Shamil Abdurakhimov,190.5,193.0,Orthodox,"Sep 02, 1981",20,8,0,2.41,0.44,3.02,0.55,1.01,0.23,0.45,0.1
Shamil Gaziev,193.0,198.1,Orthodox,"Feb 10, 1990",14,2,0,2.62,0.47,3.97,0.45,0.93,0.3,0.83,0.3
Shane Young,172.7,182.9,Orthodox,"Jul 31, 1993",13,8,0,5.19,0.4,5.46,0.52,0.63,0.18,0.64,0.0
Shanelle Dyer,167.6,165.1,Orthodox,"Apr 23, 2001",7,1,0,7.71,0.46,6.72,0.51,0.7,0.08,1.0,0.0
Shannon Ross,167.6,167.6,Switch,"May 12, 1989",13,9,0,5.96,0.39,7.39,0.55,0.0,0.0,1.0,0.0
Shara Magomedov,188.0,185.4,Orthodox,"May 16, 1994",16,1,0,5.93,0.62,3.85,0.43,0.0,0.0,0.71,0.0
Shauna Bannon,165.1,165.1,Switch,"Oct 23, 1993",7,2,0,4.32,0.43,3.75,0.45,0.0,0.0,0.4,0.7
Shavkat Rakhmonov,185.4,195.6,Orthodox,"Oct 23, 1994",19,0,0,3.25,0.6,2.17,0.51,1.4,0.25,0.85,1.2
Shayilan Nuerdanbieke,172.7,175.3,Orthodox,"May 04, 1994",39,12,0,1.95,0.45,2.64,0.5,3.3,0.35,0.28,0.2
Shem Rock,180.3,185.4,Southpaw,"Nov 05, 1993",12,3,1,3.03,0.39,4.4,0.49,1.0,0.13,0.88,0.0
Shi Ming,157.5,152.4,Orthodox,"Nov 14, 1994",17,6,0,3.12,0.36,2.92,0.53,0.81,0.3,0.57,0.0
Sodiq Yusuff,175.3,180.3,Orthodox,"May 19, 1993",13,5,0,5.27,0.49,4.29,0.53,0.36,0.23,0.62,0.4
Song Kenan,182.9,180.3,Orthodox,"Mar 10, 1990",22,9,0,4.49,0.46,5.82,0.51,0.42,0.3,0.73,0.0
Song Yadong,172.7,170.2,Orthodox,"Dec 02, 1997",22,9,1,4.42,0.43,3.94,0.55,0.78,0.39,0.73,0.1
Stephanie Egger,167.6,172.7,Orthodox,"Aug 12, 1988",8,5,0,2.2,0.46,2.48,0.52,2.48,0.42,0.5,0.6
Stephanie Luciano,167.6,165.1,Orthodox,"Dec 16, 1999",7,2,1,5.2,0.42,3.04,0.64,1.3,0.71,0.8,0.3
Stephen Thompson,182.9,190.5,Orthodox,"Feb 11, 1983",17,9,1,4.05,0.46,3.0,0.54,0.23,0.35,0.63,0.0
Steve Erceg,172.7,172.7,Orthodox,"Jul 27, 1995",13,4,0,4.0,0.45,3.79,0.52,1.15,0.27,0.62,0.4
Steve Garcia,182.9,190.5,Southpaw,"May 22, 1992",19,5,0,5.39,0.49,2.12,0.59,0.86,0.4,0.88,0.4
Steven Asplund,195.6,198.1,Orthodox,"Jul 16, 1998",7,2,0,10.05,0.51,6.64,0.5,0.0,0.0,1.0,0.0
Steven Nguyen,180.3,185.4,Switch,"May 19, 1993",10,2,0,7.47,0.42,7.1,0.6,0.24,1.0,0.88,0.0
Steven Peterson,177.8,177.8,Orthodox,"May 29, 1990",19,11,0,4.76,0.4,5.94,0.53,1.42,0.26,0.64,0.7
Stewart Nicoll,165.1,165.1,Orthodox,"Apr 11, 1996",8,3,0,3.63,0.39,5.84,0.49,1.63,0.11,0.28,0.0
Stipe Miocic,193.0,203.2,Orthodox,"Aug 19, 1982",20,5,0,4.67,0.52,4.01,0.52,1.74,0.34,0.65,0.0
SuYoung You,167.6,165.1,Orthodox,"Dec 11, 1995",16,4,0,2.15,0.47,2.01,0.68,4.26,0.47,0.66,0.4
Sulangrangbo,175.3,167.6,Southpaw,"Jul 17, 2005",10,4,0,3.96,0.48,3.2,0.62,0.0,0.0,0.72,0.0
Sumudaerji,172.7,182.9,Southpaw,"Jan 20, 1996",19,7,0,4.43,0.5,2.35,0.62,0.67,0.35,0.72,0.5
TJ Brown,175.3,182.9,Switch,"May 22, 1990",17,11,0,3.37,0.44,2.89,0.49,3.41,0.57,0.36,1.3
Tabatha Ricci,154.9,154.9,Orthodox,"Feb 21, 1995",12,4,0,4.0,0.37,4.83,0.57,2.51,0.37,0.65,0.1
Tafon Nchukwi,182.9,195.6,Orthodox,"Oct 14, 1994",6,4,0,5.57,0.52,4.11,0.54,0.76,0.57,0.64,0.0
Tagir Ulanbekov,170.2,177.8,Southpaw,"Aug 07, 1991",17,3,0,3.01,0.48,3.44,0.5,2.73,0.39,0.63,1.5
Tai Tuivasa,188.0,190.5,Southpaw,"Mar 16, 1993",15,9,0,3.66,0.48,4.97,0.43,0.0,0.0,0.6,0.0
Taila Santos,167.6,172.7,Orthodox,"Jun 22, 1993",19,3,0,3.39,0.48,2.64,0.58,2.0,0.76,0.86,1.1
Tainara Lisboa,170.2,170.2,Orthodox,"Mar 02, 1991",7,4,0,2.01,0.44,2.88,0.45,1.67,0.31,0.53,0.3
Taiyilake Nueraji,188.0,190.5,Southpaw,"Jan 12, 2001",12,1,0,9.82,0.53,5.01,0.58,1.47,0.33,1.0,0.0
Takashi Sato,177.8,185.4,Southpaw,"Jun 09, 1990",16,7,0,2.21,0.41,3.73,0.44,0.76,0.37,0.6,0.0
Talita Alencar,154.9,147.3,Orthodox,"Oct 17, 1990",7,1,1,2.91,0.37,3.36,0.55,3.02,0.26,0.66,0.6
Tallison Teixeira,200.7,210.8,Orthodox,"Dec 07, 1999",9,1,0,5.02,0.64,3.86,0.42,2.48,0.3,0.0,0.0
Tamires Vidal,167.6,172.7,Orthodox,"Jul 27, 1998",7,4,0,2.91,0.53,4.46,0.49,0.0,0.0,0.35,0.7
Tanner Boser,188.0,190.5,Orthodox,"Aug 02, 1991",22,11,1,4.82,0.53,3.0,0.57,0.0,0.0,0.69,0.0
Tatiana Suarez,165.1,167.6,Southpaw,"Dec 19, 1990",13,1,0,2.86,0.6,1.63,0.44,4.52,0.45,0.57,0.7
Tatsuro Taira,170.2,177.8,Orthodox,"Jan 27, 2000",18,1,0,2.94,0.6,2.44,0.47,3.12,0.46,0.45,1.6
Taylor Lapilus,167.6,185.4,Southpaw,"Apr 08, 1992",21,4,0,4.59,0.48,2.61,0.62,0.27,0.33,0.77,0.3
Tecia Pennington,154.9,152.4,Orthodox,"Aug 16, 1989",15,8,0,4.73,0.48,3.48,0.61,0.56,0.14,0.62,0.1
Tereza Bleda,175.3,180.3,Orthodox,"Nov 30, 2001",7,2,0,2.92,0.51,2.14,0.43,1.72,0.22,0.83,0.7
Terrance McKinney,177.8,185.4,Switch,"Sep 15, 1994",18,8,0,6.53,0.55,3.45,0.43,3.31,0.4,0.72,2.1
Terrence Mitchell,177.8,188.0,Orthodox,"Dec 30, 1989",14,4,0,2.21,0.34,8.85,0.41,3.69,0.5,0.0,0.0
Themba Gorimbo,185.4,195.6,Orthodox,"Jan 23, 1991",14,6,0,2.72,0.6,1.32,0.51,5.07,0.65,0.72,0.4
Thiago Moises,175.3,177.8,Orthodox,"Mar 23, 1995",19,10,0,2.52,0.42,4.4,0.52,1.37,0.29,0.52,1.1
Thomas Petersen,185.4,188.0,Southpaw,"Mar 30, 1995",11,4,0,3.1,0.59,2.61,0.54,3.01,0.43,0.87,0.4
Tim Elliott,170.2,167.6,Southpaw,"Dec 24, 1986",22,13,1,3.37,0.44,2.65,0.57,3.71,0.47,0.59,1.1
Tim Means,188.0,190.5,Orthodox,"Feb 20, 1984",33,17,1,5.04,0.49,3.65,0.6,1.14,0.4,0.64,0.2
Timmy Cuamba,175.3,180.3,Orthodox,"Feb 08, 1999",10,3,0,2.77,0.44,3.58,0.57,1.31,0.31,0.72,0.0
Tofiq Musayev,175.3,175.3,Orthodox,"Dec 15, 1989",23,6,0,1.84,0.46,1.74,0.5,2.3,0.6,0.5,0.0
Tom Aspinall,195.6,198.1,Orthodox,"Apr 11, 1993",15,3,0,7.63,0.67,3.62,0.56,2.62,0.8,1.0,1.3
Tom Nolan,190.5,185.4,Southpaw,"Mar 08, 2000",10,1,0,5.87,0.45,4.73,0.48,0.74,0.22,0.71,1.9
Tony Ferguson,180.3,193.0,Orthodox,"Feb 12, 1984",26,11,0,4.91,0.45,4.37,0.55,0.39,0.35,0.66,0.9
Tony Gravely,165.1,175.3,Orthodox,"Sep 28, 1991",23,9,0,3.82,0.48,4.47,0.44,5.4,0.41,0.52,0.3
Torrez Finney,172.7,190.5,Orthodox,"Oct 24, 1998",11,1,0,1.78,0.54,3.34,0.4,6.86,0.59,0.75,0.8
Toshiomi Kazama,170.2,175.3,Orthodox,"May 15, 1997",11,5,0,1.49,0.53,4.56,0.38,1.94,0.16,0.66,1.0
Tracy Cortez,165.1,165.1,Orthodox,"Dec 10, 1993",12,3,0,3.86,0.48,3.01,0.57,2.15,0.46,0.59,0.3
Tre'ston Vines,185.4,200.7,Orthodox,"Jun 18, 1996",10,4,0,0.0,0.0,3.56,0.5,0.0,0.0,0.0,0.0
Tresean Gore,182.9,190.5,Switch,"Jun 21, 1994",7,4,0,3.41,0.49,7.0,0.4,1.91,0.72,0.83,1.0
Trevin Giles,182.9,188.0,Orthodox,"Aug 06, 1992",16,7,0,3.17,0.54,2.39,0.58,1.07,0.5,0.72,0.3
Trevin Jones,170.2,177.8,Southpaw,"Aug 04, 1990",13,10,0,2.13,0.37,4.29,0.39,0.62,0.15,0.6,0.2
Trevor Peek,175.3,177.8,Switch,"Jan 09, 1995",9,3,0,4.39,0.53,3.88,0.43,1.45,0.5,0.52,0.0
Trey Ogden,180.3,182.9,Orthodox,"Nov 14, 1989",18,7,0,3.2,0.5,3.49,0.55,1.89,0.32,1.0,0.7
Trey Waters,195.6,195.6,Orthodox,"Feb 21, 1995",9,2,0,6.39,0.44,5.83,0.55,0.4,0.33,0.85,0.8
Tucker Lutz,172.7,182.9,Orthodox,"Jul 12, 1994",12,4,0,3.74,0.46,3.25,0.44,1.99,0.44,0.69,0.2
Tuco Tokkos,193.0,193.0,Orthodox,"Jun 30, 1990",11,5,0,2.12,0.4,4.27,0.46,4.21,0.47,0.33,0.5
Ty Miller,188.0,195.6,Orthodox,"Jun 04, 2000",7,0,0,7.16,0.38,4.65,0.64,0.0,0.0,0.75,0.0
Tyrell Fortune,182.9,190.5,Orthodox,"Jul 04, 1990",18,3,0,2.0,0.5,3.13,0.57,3.0,0.6,1.0,0.0
Tyson Nam,170.2,172.7,Orthodox,"Oct 06, 1983",21,14,1,3.87,0.33,4.97,0.65,0.0,0.0,0.87,0.0
Tyson Pedro,190.5,200.7,Orthodox,"Sep 17, 1991",10,5,0,2.9,0.59,2.39,0.56,0.76,0.3,0.5,0.8
Umar Nurmagomedov,172.7,175.3,Orthodox,"Jan 03, 1996",20,1,0,3.86,0.56,1.86,0.61,4.03,0.46,0.79,0.2
Uran Satybaldiev,193.0,200.7,Orthodox,"Aug 10, 1994",9,1,0,2.14,0.25,3.66,0.44,0.0,0.0,0.5,1.7
Uros Medic,185.4,180.3,Southpaw,"Apr 25, 1993",13,3,0,5.59,0.6,3.42,0.56,0.34,0.5,0.55,0.0
Val Woodburn,172.7,188.0,Orthodox,"Aug 10, 1993",7,2,0,1.6,0.35,4.93,0.36,1.92,1.0,0.5,0.0
Valentina Shevchenko,165.1,167.6,Southpaw,"Mar 07, 1988",26,4,1,3.04,0.52,2.0,0.63,2.65,0.61,0.76,0.3
Valter Walker,198.1,198.1,Orthodox,"Dec 14, 1997",15,1,0,2.0,0.52,2.85,0.42,5.74,0.69,0.0,2.5
Vanessa Demopoulos,157.5,149.9,Orthodox,"Sep 22, 1988",11,8,0,3.37,0.39,5.39,0.41,0.32,0.09,0.26,0.4
Veronica Hardy,162.6,162.6,Southpaw,"Oct 30, 1995",10,5,1,3.06,0.45,3.24,0.5,0.82,0.41,0.51,0.3
Viacheslav Borshchev,180.3,175.3,Orthodox,"Jan 08, 1992",8,7,1,5.1,0.5,4.46,0.57,0.0,0.0,0.43,0.1
Vicente Luque,180.3,190.5,Orthodox,"Nov 27, 1991",24,12,1,4.8,0.5,5.24,0.51,0.89,0.48,0.59,0.7
Victor Altamirano,172.7,177.8,Switch,"Jan 23, 1991",12,5,0,4.58,0.53,3.82,0.53,2.88,0.38,0.63,0.0
Victor Henry,170.2,172.7,Switch,"May 04, 1987",25,7,0,7.17,0.53,5.19,0.48,1.04,0.42,0.81,0.3
Victor Hugo,170.2,180.3,Orthodox,"Nov 22, 1992",25,5,0,3.27,0.44,2.95,0.56,0.81,0.33,0.73,1.2
Victor Martinez,172.7,177.8,Orthodox,"Jul 17, 1991",13,6,0,7.94,0.51,7.66,0.53,0.7,0.33,0.8,0.0
Victoria Leonardo,165.1,162.6,Orthodox,"Feb 16, 1990",9,7,0,3.22,0.38,4.81,0.47,1.57,0.27,0.71,0.0
Viktoriia Dudakova,165.1,170.2,Orthodox,"Jan 26, 1999",8,2,0,2.87,0.47,3.4,0.5,2.73,0.35,0.33,0.0
Vinc Pichel,177.8,182.9,Orthodox,"Nov 23, 1982",14,5,0,3.78,0.46,3.17,0.54,2.5,0.51,0.31,0.2
Vince Morales,170.2,177.8,Orthodox,"Nov 12, 1990",16,10,0,3.57,0.37,4.0,0.53,0.59,0.4,0.58,0.5
Vinicius Oliveira,175.3,177.8,Switch,"Nov 30, 1995",23,4,0,4.73,0.43,2.7,0.57,1.45,0.46,0.7,0.2
Vinicius Salvador,170.2,177.8,Southpaw,"Jul 24, 1996",14,7,0,5.48,0.43,6.5,0.48,0.36,0.11,0.86,0.0
Virna Jandiroba,160.0,162.6,Orthodox,"May 30, 1988",23,4,0,2.27,0.41,2.86,0.55,3.13,0.39,0.72,1.4
Vitor Petrino,188.0,195.6,Orthodox,"Aug 28, 1997",14,2,0,3.24,0.48,2.71,0.51,2.6,0.46,0.79,0.7
Viviane Araujo,162.6,172.7,Orthodox,"Nov 21, 1986",13,7,0,3.84,0.47,4.83,0.55,1.72,0.43,0.75,0.6
Volkan Oezdemir,188.0,190.5,Orthodox,"Sep 19, 1989",21,8,0,4.99,0.48,4.19,0.55,0.5,0.29,0.8,0.1
Waldo Cortes Acosta,193.0,198.1,Orthodox,"Oct 03, 1991",17,2,0,5.54,0.49,3.38,0.56,0.44,0.57,0.72,0.1
Waldo Cortes-Acosta,193.0,198.1,Orthodox,"Oct 03, 1991",17,2,0,5.54,0.49,3.38,0.56,0.44,0.57,0.72,0.1
Wang Cong,167.6,167.6,Southpaw,"May 15, 1992",9,1,0,6.22,0.56,2.19,0.63,0.78,0.75,0.84,0.8
Warlley Alves,180.3,182.9,Orthodox,"Jan 04, 1991",15,8,0,3.04,0.48,3.95,0.5,1.22,0.5,0.62,0.8
Wellington Turman,182.9,182.9,Orthodox,"Jul 22, 1996",18,8,0,3.23,0.51,4.17,0.45,1.55,0.2,0.42,0.8
Wes Schultz,185.4,195.6,Orthodox,"Aug 09, 1996",8,3,0,4.6,0.43,4.97,0.45,4.52,0.25,0.0,1.1
Westin Wilson,185.4,185.4,Southpaw,"Jan 24, 1989",17,10,0,1.57,0.31,6.71,0.3,1.57,0.16,0.33,7.9
William Gomis,182.9,185.4,Southpaw,"Jun 13, 1997",15,3,0,3.48,0.49,2.76,0.61,0.86,0.38,0.72,0.3
William Knight,177.8,185.4,Orthodox,"Apr 03, 1988",11,5,0,2.62,0.56,3.3,0.35,1.78,0.4,0.48,0.4
Xiao Long,172.7,177.8,Orthodox,"Apr 13, 1998",27,11,0,5.06,0.47,3.85,0.5,0.74,0.27,0.82,0.0
Yadier del Valle,175.3,175.3,Southpaw,"Jul 29, 1996",10,1,0,4.05,0.6,2.16,0.55,1.23,0.42,0.58,2.0
Yair Rodriguez,180.3,180.3,Orthodox,"Oct 06, 1992",21,6,0,4.65,0.46,3.78,0.52,0.71,0.29,0.59,0.6
Yan Xiaonan,165.1,160.0,Orthodox,"Jun 16, 1989",19,5,0,4.69,0.45,3.23,0.6,0.84,0.73,0.64,0.0
Yana Santos,167.6,172.7,Orthodox,"Nov 11, 1989",17,8,0,4.41,0.57,3.12,0.52,0.78,0.47,0.51,0.1
Yanal Ashmouz,175.3,175.3,Orthodox,"Mar 31, 1995",8,2,0,2.88,0.5,4.78,0.5,3.24,0.38,0.64,0.0
Yanis Ghemmouri,175.3,175.3,Orthodox,"Jan 24, 1995",12,3,0,2.29,0.38,5.14,0.35,0.0,0.0,0.0,0.0
Yaroslav Amosov,182.9,190.5,Orthodox,"Sep 09, 1993",29,1,0,2.78,0.47,1.55,0.54,4.64,0.5,0.0,4.6
Yazmin Jauregui,160.0,162.6,Orthodox,"Feb 28, 1999",11,2,0,6.64,0.39,5.25,0.54,0.0,0.0,1.0,0.0
Yizha,170.2,180.3,Orthodox,"Jan 08, 1997",26,6,0,3.25,0.47,2.88,0.49,3.42,0.33,0.64,0.9
Yohan Lainesse,185.4,193.0,Orthodox,"Aug 14, 1992",9,3,0,2.22,0.41,3.38,0.58,0.94,0.28,0.72,0.5
Yousri Belgaroui,198.1,200.7,Orthodox,"Jun 02, 1992",10,3,0,6.1,0.64,2.17,0.63,0.29,1.0,0.66,0.0
Youssef Zalal,177.8,182.9,Switch,"Sep 04, 1996",18,5,1,3.03,0.5,1.78,0.66,2.17,0.31,0.59,1.4
Yuneisy Duben,162.6,165.1,Orthodox,"Jul 08, 1996",6,1,0,13.53,0.48,10.75,0.53,0.0,0.0,0.0,0.0
Yusaku Kinoshita,182.9,180.3,Southpaw,"Aug 21, 2000",6,3,0,4.65,0.5,5.12,0.51,0.0,0.0,0.5,0.0
Zac Pauga,188.0,193.0,Orthodox,"Feb 25, 1988",7,3,0,4.46,0.62,2.73,0.58,0.38,0.07,1.0,0.0
Zach Reese,193.0,195.6,Switch,"Mar 24, 1994",10,3,0,4.48,0.54,3.92,0.43,2.8,0.61,0.52,1.3
Zachary Reese,175.3,,,"Dec 21, 1980",11,10,0,0.0,0.0,0.0,0.0,0.0,0.0,0.0,0.0
Zachary Scroggin,190.5,188.0,Orthodox,"Mar 09, 1996",7,1,0,2.4,0.37,8.8,0.68,0.0,0.0,0.0,0.0
Zak Cummings,182.9,190.5,Southpaw,"Aug 02, 1984",25,7,0,2.96,0.35,2.91,0.55,0.62,0.28,0.66,0.6
Zarah Fairn,172.7,182.9,Orthodox,"Dec 10, 1983",6,6,0,4.55,0.31,7.4,0.45,0.0,0.0,0.6,0.0
Zhalgas Zhumagulov,162.6,167.6,Switch,"Aug 29, 1988",14,9,0,5.24,0.43,5.86,0.52,1.3,0.19,0.75,0.2
Zhang Mingyang,188.0,190.5,Orthodox,"Aug 16, 1998",19,7,0,7.71,0.6,5.33,0.43,0.0,0.0,0.75,0.0
Zhang Weili,162.6,160.0,Switch,"Aug 13, 1989",26,4,0,4.66,0.52,2.63,0.53,1.96,0.44,0.63,0.5
Zubaira Tukhugov,172.7,172.7,Orthodox,"Jan 15, 1991",20,6,1,3.17,0.39,3.07,0.63,2.13,0.39,1.0,0.0
Zygimantas Ramaska,180.3,180.3,Orthodox,"Dec 27, 1996",9,3,0,0.96,0.6,2.25,0.3,0.0,0.0,0.33,2.4
Stevie Ray,177.8,177.8,Southpaw,"Mar 25, 1990",23,9,0,3.73,0.44,2.93,0.54,0.75,0.46,0.55,0.6
Jacare Souza,185.4,182.9,Orthodox,"Dec 07, 1979",26,10,0,2.53,0.47,2.83,0.62,2.57,0.39,0.57,1.3
Vinicius Moreira,193.0,193.0,Orthodox,"Feb 28, 1989",9,5,0,3.15,0.59,5.07,0.43,1.97,0.18,0.0,1.3
Alex Da Silva,172.7,185.4,Orthodox,"Feb 04, 1996",21,4,0,2.14,0.46,2.52,0.56,1.97,0.43,0.76,0.3
Ike Villanueva,185.4,185.4,Orthodox,"Apr 04, 1984",18,14,0,3.66,0.38,7.24,0.36,0.6,0.5,1.0,0.0
Jorge de Oliveira,172.7,,Orthodox,"Jan 22, 1980",9,2,0,1.26,0.31,4.84,0.48,0.0,0.0,0.22,0.0
Rodrigo de Lima,170.2,,Orthodox,"Mar 12, 1991",8,3,1,1.29,0.33,5.5,0.32,2.66,0.36,0.0,1.3
Leandro Silva,175.3,182.9,Orthodox,"Nov 11, 1985",20,6,1,2.39,0.48,2.08,0.63,1.76,0.37,0.65,0.4
Zviad Lazishvili,167.6,175.3,Orthodox,"Oct 25, 1991",13,1,0,4.2,0.39,6.13,0.51,0.0,0.0,0.0,0.0
Jose Maria,165.1,,Orthodox,"Jan 04, 1982",37,7,0,3.2,0.53,3.98,0.52,2.32,0.27,0.33,2.3
Cole Miller,185.4,185.4,Orthodox,"Apr 26, 1984",21,11,0,3.0,0.33,3.88,0.59,0.6,0.36,0.38,1.8
Marcos Vinicius,175.3,,Orthodox,"Dec 05, 1979",23,11,1,1.93,0.49,2.91,0.47,0.0,0.0,0.25,0.5
Amanda Cooper,160.0,162.6,Switch,"Oct 22, 1991",3,5,0,3.55,0.44,3.2,0.51,1.53,0.38,0.28,1.8
Robert Peralta,172.7,180.3,Orthodox,"Mar 14, 1986",18,8,0,3.76,0.44,2.97,0.53,0.59,0.66,0.65,0.0
Mike Brown,167.6,177.8,Orthodox,"Sep 08, 1975",26,9,0,2.98,0.44,2.45,0.6,3.23,0.4,0.66,0.6
Manvel Gamburyan,165.1,170.2,Orthodox,"May 08, 1981",15,10,0,2.13,0.41,2.83,0.55,3.26,0.34,0.69,0.7
Aleksei Kunchenko,172.7,177.8,Orthodox,"May 02, 1984",20,2,0,3.67,0.44,2.83,0.63,0.25,0.33,0.8,0.0
BJ Penn,175.3,177.8,Orthodox,"Dec 13, 1978",16,14,2,2.76,0.48,3.2,0.56,1.19,0.55,0.74,0.5
Rony Jason,170.2,185.4,Orthodox,"Mar 21, 1984",14,7,0,2.04,0.44,3.14,0.53,0.59,0.3,0.36,0.8
Henrique da Silva,190.5,193.0,Orthodox,"Sep 01, 1989",14,5,0,3.89,0.6,5.28,0.4,0.25,0.14,0.22,0.2
TJ Dillashaw,167.6,170.2,Orthodox,"Feb 07, 1986",18,5,0,5.09,0.41,3.47,0.62,1.56,0.3,0.77,0.8
TJ O'Brien,188.0,,Orthodox,"Jan 01, 1987",20,8,0,3.77,0.46,4.78,0.57,0.94,1.0,0.0,0.0
CB Dollaway,188.0,193.0,Orthodox,"Aug 10, 1983",17,9,0,2.65,0.47,2.58,0.54,3.55,0.54,0.62,1.2
Daniel Spohn,193.0,200.7,Southpaw,"Oct 12, 1984",15,6,0,2.42,0.49,1.6,0.53,0.0,0.0,0.28,2.5
JC Cottrell,175.3,,Orthodox,"Nov 04, 1989",17,5,0,0.79,0.25,2.75,0.45,0.79,1.0,0.5,0.0
Henry Briones,172.7,175.3,Orthodox,"Oct 22, 1980",16,8,1,3.47,0.42,4.68,0.53,0.0,0.0,0.52,0.6
Luiz Dutra,180.3,,Orthodox,"May 06, 1982",13,6,1,3.92,0.5,4.8,0.41,0.0,0.0,1.0,0.0
Mike Guymon,182.9,188.0,Orthodox,"Sep 17, 1974",15,6,1,2.75,0.65,0.79,0.66,1.87,0.37,0.54,1.2
Aleksei Oleinik,188.0,203.2,Orthodox,"Jun 20, 1977",60,17,1,3.29,0.48,3.8,0.44,1.82,0.46,0.37,1.9
Joe Duffy,177.8,185.4,Orthodox,"Feb 18, 1988",16,5,0,2.68,0.34,3.78,0.54,0.96,0.66,0.64,0.7
Rob Emerson,175.3,177.8,Orthodox,"Jul 30, 1981",18,12,0,2.5,0.3,2.83,0.64,2.02,0.52,0.65,0.4
TJ Grant,177.8,182.9,Orthodox,"Feb 26, 1984",21,5,0,3.95,0.54,3.21,0.56,1.63,0.43,0.36,0.6
John Allan,185.4,190.5,Orthodox,"Feb 22, 1993",13,7,0,3.56,0.42,5.74,0.52,1.4,0.71,0.5,0.8
Marcio Alexandre Junior,182.9,190.5,Southpaw,"May 05, 1989",17,4,0,1.61,0.45,2.89,0.42,0.35,0.2,0.66,0.7
Georges St-Pierre,180.3,193.0,Orthodox,"May 19, 1981",26,2,0,3.78,0.53,1.4,0.72,4.16,0.74,0.83,1.1
Chris Beal,170.2,175.3,Orthodox,"Aug 06, 1985",10,5,0,3.45,0.35,3.18,0.61,1.6,0.58,0.78,0.2
TJ Waldburger,180.3,190.5,Orthodox,"Apr 25, 1988",16,9,0,2.02,0.51,2.39,0.4,3.03,0.46,0.4,4.8
