date,f1_name,f2_name,weight_class,no_of_rounds,m1_prob,m2a_prob,m2a_pick,pick_novig,gap,gap_size,gap_zone,gap_zone_label,gap_direction,closing_odds,m1_m2a_agree,vegas_agree,triple_agree,m2b_win_prob,m2b_confidence,pick_won,split,agreement_type,corner_swapped
2018-01-14,JJ Aldrich,Danielle Taylor,Women's Strawweight,3,43.58,43.58,Danielle Taylor,45.73,10.69,10.69,6,Max Value,1,110.0,1,0,0,,,0,train,CONFIRM_DOG,1
2018-01-14,Paige VanZant,Jessica-Rose Clark,Women's Flyweight,3,52.1,52.1,Paige VanZant,52.17,-0.07,0.07,0,Lock,-1,-120.0,1,1,1,,,0,train,NO_EDGE,0
2018-01-14,Kalindra Faria,Jessica Eye,Women's Flyweight,3,36.68,36.68,Jessica Eye,55.26,8.06,8.06,5,Strong Value,1,-135.0,1,1,1,,,1,train,CONFIRM_FAV,0
2018-01-14,Talita Bernardo,Irene Aldana,Women's Bantamweight,3,39.46,39.46,Irene Aldana,55.26,5.28,5.28,4,Value,1,-135.0,1,1,1,,,1,train,CONFIRM_FAV,0
2018-01-27,Mara Romero Borella,Katlyn Chookagian,Women's Flyweight,3,48.47,48.47,Katlyn Chookagian,63.45,-11.93,11.93,6,Max Value,-1,-190.0,1,1,1,,,1,train,NO_EDGE,1
2018-01-27,Ji Yeon Kim,Justine Kish,Women's Flyweight,3,39.22,39.22,Justine Kish,59.63,1.15,1.15,1,Strong,1,-160.0,1,1,1,,,0,train,CONFIRM_FAV,1
2018-01-27,Juliana Lima,Randa Markos,Women's Strawweight,3,46.61,46.61,Randa Markos,58.82,-5.43,5.43,4,Value,-1,-155.0,1,1,1,,,1,train,NO_EDGE,1
2018-02-03,Maia Stevenson,Polyana Viana,Women's Strawweight,3,32.09,32.09,Polyana Viana,78.57,-10.66,10.66,6,Max Value,-1,-440.0,1,1,1,,,1,train,NO_EDGE,0
2018-02-03,Valentina Shevchenko,Priscila Cachoeira,Women's Flyweight,3,84.61,84.61,Valentina Shevchenko,88.0,-3.39,3.39,3,Watch,-1,-1100.0,1,1,1,,,1,train,NO_EDGE,0
2018-02-18,Sarah Moras,Lucie Pudilova,Women's Bantamweight,3,42.49,42.49,Lucie Pudilova,57.98,-0.47,0.47,0,Lock,-1,-150.0,1,1,1,,,1,train,NO_EDGE,0
2018-02-24,Marion Reneau,Sara McMann,Women's Bantamweight,3,46.46,46.46,Sara McMann,63.45,-9.91,9.91,5,Strong Value,-1,-190.0,1,1,1,,,0,train,NO_EDGE,1
2018-02-24,Jessica Andrade,Tecia Torres,Women's Strawweight,3,67.47,67.47,Jessica Andrade,68.89,-1.42,1.42,1,Strong,-1,-250.0,1,1,1,,,1,train,NO_EDGE,0
2018-02-24,Maryna Moroz,Angela Hill,Women's Strawweight,3,46.04,46.04,Angela Hill,57.98,-4.02,4.02,3,Watch,-1,-150.0,1,1,1,,,1,train,NO_EDGE,0
2018-03-03,Yana Kunitskaya,Cris Cyborg,Women's Featherweight,5,34.31999999999999,34.31999999999999,Cris Cyborg,87.21,-21.53,21.53,6,Max Value,-1,-1000.0,1,1,1,,,1,train,NO_EDGE,1
2018-03-03,Mackenzie Dern,Ashley Yoder,Women's Strawweight,3,50.28,50.28,Mackenzie Dern,80.27,-30.0,30.0,6,Max Value,-1,-490.0,1,1,1,,,1,train,NO_EDGE,1
2018-03-03,Ketlen Vieira,Cat Zingano,Women's Bantamweight,3,59.61,59.61,Ketlen Vieira,65.07,-5.46,5.46,4,Value,-1,-210.0,1,1,1,,,1,train,NO_EDGE,1
2018-04-07,Felice Herrig,Karolina Kowalkiewicz,Women's Strawweight,3,44.29,44.29,Karolina Kowalkiewicz,63.45,-7.75,7.75,4,Value,-1,-190.0,1,1,1,,,1,train,NO_EDGE,1
2018-04-07,Rose Namajunas,Joanna Jedrzejczyk,Women's Strawweight,5,55.58,55.58,Rose Namajunas,50.0,5.58,5.58,4,Value,1,-110.0,1,1,1,,,1,train,CONFIRM_FAV,0
2018-04-07,Ashlee Evans-Smith,Bec Rawlings,Women's Flyweight,3,53.58,53.58,Ashlee Evans-Smith,64.29,-10.71,10.71,6,Max Value,-1,-200.0,1,1,1,,,1,train,NO_EDGE,1
2018-04-14,Lauren Mueller,Shana Dobson,Women's Flyweight,3,71.86,71.86,Lauren Mueller,59.63,12.23,12.23,6,Max Value,1,-160.0,1,1,1,,,1,train,CONFIRM_FAV,1
2018-04-14,Michelle Waterson,Cortney Casey,Women's Strawweight,3,56.7,56.7,Michelle Waterson,39.6,17.1,17.1,6,Max Value,1,145.0,1,0,0,,,1,train,CONFIRM_DOG,0
2018-05-12,Amanda Cooper,Mackenzie Dern,Women's Strawweight,3,44.15,44.15,Mackenzie Dern,69.8,-13.95,13.95,6,Max Value,-1,-260.0,1,1,1,,,1,train,NO_EDGE,1
2018-05-12,Raquel Pennington,Amanda Nunes,Women's Bantamweight,5,24.700000000000003,24.700000000000003,Amanda Nunes,84.0,-8.7,8.7,5,Strong Value,-1,-700.0,1,1,1,,,1,train,NO_EDGE,1
2018-05-19,Syuri Kondo,Poliana Botelho,Women's Strawweight,3,23.900000000000006,23.900000000000006,Poliana Botelho,62.64,13.47,13.47,6,Max Value,1,-174.0,1,1,1,,,1,train,CONFIRM_FAV,1
2018-05-19,Andrea Lee,Veronica Macedo,Women's Flyweight,3,45.71,45.71,Veronica Macedo,25.4,28.89,28.89,6,Max Value,1,280.0,1,0,0,,,0,train,CONFIRM_DOG,1
2018-05-19,Alexa Grasso,Tatiana Suarez,Women's Strawweight,3,29.48,29.48,Tatiana Suarez,81.63,-11.1,11.1,6,Max Value,-1,-550.0,1,1,1,,,1,train,NO_EDGE,0
2018-05-27,Gina Mazany,Lina Lansberg,Women's Bantamweight,3,55.07,55.07,Gina Mazany,59.63,-4.55,4.55,3,Watch,-1,-160.0,1,1,1,,,0,train,NO_EDGE,1
2018-05-27,Gillian Robertson,Molly McCann,Women's Flyweight,3,61.5,61.5,Gillian Robertson,41.18,20.32,20.32,6,Max Value,1,135.0,1,0,0,,,1,train,CONFIRM_DOG,0
2018-06-01,Sijara Eubanks,Lauren Murphy,Women's Flyweight,3,44.92,44.92,Lauren Murphy,34.93,20.15,20.15,6,Max Value,1,175.0,1,0,0,,,0,train,CONFIRM_DOG,0
2018-06-09,Carla Esparza,Claudia Gadelha,Women's Strawweight,3,42.71,42.71,Claudia Gadelha,70.66,-13.37,13.37,6,Max Value,-1,-270.0,1,1,1,,,1,train,NO_EDGE,1
2018-06-09,Holly Holm,Megan Anderson,Women's Featherweight,3,70.6,70.6,Holly Holm,57.11,13.49,13.49,6,Max Value,1,-145.0,1,1,1,,,1,train,CONFIRM_FAV,0
2018-06-23,Melinda Fabian,Ji Yeon Kim,Women's Flyweight,3,58.38,58.38,Melinda Fabian,38.85,19.53,19.53,6,Max Value,1,150.0,1,0,0,,,0,train,CONFIRM_DOG,1
2018-06-23,Yan Xiaonan,Viviane Pereira,Women's Strawweight,3,70.05,70.05,Yan Xiaonan,39.6,30.45,30.45,6,Max Value,1,145.0,1,0,0,,,1,train,CONFIRM_DOG,1
2018-06-23,Jessica-Rose Clark,Jessica Eye,Women's Flyweight,3,53.79,53.79,Jessica-Rose Clark,60.4,-6.61,6.61,4,Value,-1,-165.0,1,1,1,,,0,train,NO_EDGE,0
2018-07-06,Montana De La Rosa,Rachael Ostovich,Women's Flyweight,3,64.03,64.03,Montana De La Rosa,57.11,6.92,6.92,4,Value,1,-145.0,1,1,1,,,1,train,CONFIRM_FAV,0
2018-07-06,Roxanne Modafferi,Barb Honchak,Women's Flyweight,3,49.96,49.96,Barb Honchak,57.98,-7.95,7.95,4,Value,-1,-150.0,1,1,1,,,0,train,NO_EDGE,0
2018-07-07,Emily Whitmire,Jamie Moyle,Women's Strawweight,3,58.0,58.0,Emily Whitmire,37.21,20.79,20.79,6,Max Value,1,160.0,1,0,0,,,1,train,CONFIRM_DOG,1
2018-07-14,Jodie Esquibel,Jessica Aguilar,Women's Strawweight,3,40.6,40.6,Jessica Aguilar,38.85,20.55,20.55,6,Max Value,1,150.0,1,0,0,,,1,train,CONFIRM_DOG,1
2018-07-14,Liz Carmouche,Jennifer Maia,Women's Flyweight,3,80.46,80.46,Liz Carmouche,51.08,29.37,29.37,6,Max Value,1,-115.0,1,1,1,,,1,train,CONFIRM_FAV,0
2018-07-14,Marion Reneau,Cat Zingano,Women's Bantamweight,3,33.61,33.61,Cat Zingano,50.0,16.39,16.39,6,Max Value,1,-110.0,1,1,1,,,1,train,CONFIRM_FAV,1
2018-07-28,Nina Ansaroff,Randa Markos,Women's Strawweight,3,53.43,53.43,Nina Ansaroff,56.2,-2.78,2.78,2,Lean,-1,-140.0,1,1,1,,,1,train,NO_EDGE,1
2018-07-28,Katlyn Chookagian,Alexis Davis,Women's Flyweight,3,61.39,61.39,Katlyn Chookagian,59.63,1.76,1.76,1,Strong,1,-160.0,1,1,1,,,1,train,CONFIRM_FAV,1
2018-07-28,Tecia Torres,Joanna Jedrzejczyk,Women's Strawweight,3,35.3,35.3,Joanna Jedrzejczyk,73.28,-8.58,8.58,5,Strong Value,-1,-320.0,1,1,1,,,1,train,NO_EDGE,1
2018-08-04,Polyana Viana,JJ Aldrich,Women's Strawweight,3,54.22,54.22,Polyana Viana,58.82,-4.6,4.6,3,Watch,-1,-155.0,1,1,1,,,0,train,NO_EDGE,0
2018-08-04,Weili Zhang,Danielle Taylor,Women's Strawweight,3,49.89,49.89,Danielle Taylor,26.72,23.4,23.4,6,Max Value,1,260.0,1,0,0,,,0,train,CONFIRM_DOG,1
2018-08-25,Joanne Calderwood,Kalindra Faria,Women's Flyweight,3,64.75,64.75,Joanne Calderwood,62.79,1.96,1.96,1,Strong,1,-185.0,1,1,1,,,1,train,CONFIRM_FAV,0
2018-08-25,Angela Hill,Cortney Casey,Women's Strawweight,3,48.86,48.86,Cortney Casey,44.74,6.4,6.4,4,Value,1,115.0,1,0,0,,,1,train,CONFIRM_DOG,1
2018-09-08,Irene Aldana,Lucie Pudilova,Women's Bantamweight,3,54.44,54.44,Irene Aldana,50.0,4.44,4.44,3,Watch,1,-110.0,1,1,1,,,1,train,CONFIRM_FAV,0
2018-09-08,Carla Esparza,Tatiana Suarez,Women's Strawweight,3,29.05,29.05,Tatiana Suarez,77.84,-6.89,6.89,4,Value,-1,-420.0,1,1,1,,,1,train,NO_EDGE,0
2018-09-08,Karolina Kowalkiewicz,Jessica Andrade,Women's Strawweight,3,24.61,24.61,Jessica Andrade,79.01,-3.62,3.62,3,Watch,-1,-450.0,1,1,1,,,1,train,NO_EDGE,1
2018-09-22,Livinha Souza,Alex Chambers,Women's Strawweight,3,53.61,53.61,Livinha Souza,91.16,-37.55,37.55,6,Max Value,-1,-1500.0,1,1,1,,,1,train,NO_EDGE,0
2018-09-22,Mayra Bueno Silva,Gillian Robertson,Women's Flyweight,3,42.42,42.42,Gillian Robertson,56.2,1.38,1.38,1,Strong,1,-140.0,1,1,1,,,0,train,CONFIRM_FAV,0
2018-10-06,Lina Lansberg,Yana Kunitskaya,Women's Bantamweight,3,40.44,40.44,Yana Kunitskaya,68.41,-8.85,8.85,5,Strong Value,-1,-245.0,1,1,1,,,1,train,NO_EDGE,0
2018-10-06,Aspen Ladd,Tonya Evinger,Women's Bantamweight,3,82.46,82.46,Aspen Ladd,62.79,19.67,19.67,6,Max Value,1,-185.0,1,1,1,,,1,train,CONFIRM_FAV,0
2018-10-06,Michelle Waterson,Felice Herrig,Women's Strawweight,3,61.36,61.36,Michelle Waterson,44.74,16.61,16.61,6,Max Value,1,115.0,1,0,0,,,1,train,CONFIRM_DOG,0
2018-10-27,Sarah Moras,Talita Bernardo,Women's Bantamweight,3,45.35,45.35,Talita Bernardo,38.85,15.8,15.8,6,Max Value,1,150.0,1,0,0,,,1,train,CONFIRM_DOG,0
2018-11-03,Roxanne Modafferi,Sijara Eubanks,Women's Flyweight,3,15.75,15.75,Sijara Eubanks,82.5,1.75,1.75,1,Strong,1,-600.0,1,1,1,,,1,train,CONFIRM_FAV,1
2018-11-10,Amanda Cooper,Ashley Yoder,Women's Strawweight,3,49.37,49.37,Ashley Yoder,56.2,-5.57,5.57,4,Value,-1,-140.0,1,1,1,,,1,train,NO_EDGE,1
2018-11-10,Hannah Cifers,Maycee Barber,Women's Strawweight,3,28.010000000000005,28.010000000000005,Maycee Barber,79.66,-7.67,7.67,4,Value,-1,-470.0,1,1,1,,,1,train,NO_EDGE,1
2018-11-10,Germaine de Randamie,Raquel Pennington,Women's Bantamweight,3,52.29,52.29,Germaine de Randamie,65.81,-13.53,13.53,6,Max Value,-1,-220.0,1,1,1,,,1,train,NO_EDGE,1
2018-11-17,Poliana Botelho,Cynthia Calvillo,Women's Strawweight,3,47.7,47.7,Cynthia Calvillo,38.85,13.45,13.45,6,Max Value,1,150.0,1,0,0,,,1,train,CONFIRM_DOG,1
2018-11-24,Lauren Mueller,Wu Yanan,Women's Flyweight,3,45.77,45.77,Wu Yanan,24.79,29.43,29.43,6,Max Value,1,290.0,1,0,0,,,1,train,CONFIRM_DOG,1
2018-11-24,Yan Xiaonan,Syuri Kondo,Women's Strawweight,3,72.8,72.8,Yan Xiaonan,75.79,-2.99,2.99,2,Lean,-1,-360.0,1,1,1,,,1,train,NO_EDGE,0
2018-11-24,Jessica Aguilar,Weili Zhang,Women's Strawweight,3,25.22,25.22,Weili Zhang,81.63,-6.84,6.84,4,Value,-1,-550.0,1,1,1,,,1,train,NO_EDGE,1
2018-11-30,Antonina Shevchenko,Ji Yeon Kim,Women's Flyweight,3,62.24,62.24,Antonina Shevchenko,71.07,-8.83,8.83,5,Strong Value,-1,-275.0,1,1,1,,,1,train,NO_EDGE,1
2018-11-30,Pannie Kianzad,Macy Chiasson,Women's Featherweight,4,32.35,32.35,Macy Chiasson,48.92,18.73,18.73,6,Max Value,1,-105.0,1,0,0,,,1,train,CONFIRM_DOG,0
2018-11-30,Leah Letson,Julija Stoliarenko,Women's Featherweight,3,63.34,63.34,Leah Letson,64.29,-0.94,0.94,0,Lock,-1,-200.0,1,1,1,,,1,train,NO_EDGE,1
2018-12-08,Katlyn Chookagian,Jessica Eye,Women's Flyweight,3,53.13,53.13,Katlyn Chookagian,67.42,-14.29,14.29,6,Max Value,-1,-235.0,1,1,1,,,0,train,NO_EDGE,0
2018-12-08,Nina Ansaroff,Claudia Gadelha,Women's Strawweight,3,47.98,47.98,Claudia Gadelha,72.86,-20.84,20.84,6,Max Value,-1,-310.0,1,1,1,,,0,train,NO_EDGE,1
2018-12-08,Valentina Shevchenko,Joanna Jedrzejczyk,Women's Flyweight,5,60.54,60.54,Valentina Shevchenko,72.41,-11.88,11.88,6,Max Value,-1,-300.0,1,1,1,,,1,train,NO_EDGE,0
2018-12-29,Cat Zingano,Megan Anderson,Women's Featherweight,3,55.84,55.84,Cat Zingano,55.43,0.41,0.41,0,Lock,1,-130.0,1,1,1,,,0,train,CONFIRM_FAV,0
2018-12-29,Amanda Nunes,Cris Cyborg,Women's Featherweight,5,81.68,81.68,Amanda Nunes,34.93,46.75,46.75,6,Max Value,1,175.0,1,0,0,,,1,train,CONFIRM_DOG,1
2019-01-19,Ariane Lipski,Joanne Calderwood,Women's Flyweight,3,39.39,39.39,Joanne Calderwood,30.65,29.96,29.96,6,Max Value,1,215.0,1,0,0,,,1,train,CONFIRM_DOG,1
2019-01-19,Paige VanZant,Rachael Ostovich,Women's Flyweight,3,69.85,69.85,Paige VanZant,61.87,7.98,7.98,4,Value,1,-175.0,1,1,1,,,1,train,CONFIRM_FAV,0
2019-02-02,Mara Romero Borella,Taila Santos,Women's Flyweight,3,47.67,47.67,Taila Santos,66.36,-14.03,14.03,6,Max Value,-1,-225.0,1,1,1,,,0,train,NO_EDGE,0
2019-02-02,Livinha Souza,Sarah Frota,Women's Strawweight,3,52.87,52.87,Livinha Souza,66.9,-14.03,14.03,6,Max Value,-1,-230.0,1,1,1,,,1,train,NO_EDGE,0
2019-02-09,Montana De La Rosa,Nadia Kassem,Women's Flyweight,3,56.15,56.15,Montana De La Rosa,68.89,-12.74,12.74,6,Max Value,-1,-250.0,1,1,1,,,1,train,NO_EDGE,0
2019-02-17,Andrea Lee,Ashlee Evans-Smith,Women's Flyweight,3,61.74,61.74,Andrea Lee,62.79,-1.06,1.06,1,Strong,-1,-185.0,1,1,1,,,1,train,NO_EDGE,1
2019-02-17,Cynthia Calvillo,Cortney Casey,Women's Strawweight,3,67.14,67.14,Cynthia Calvillo,75.5,-8.36,8.36,5,Strong Value,-1,-355.0,1,1,1,,,1,train,NO_EDGE,1
2019-02-17,Emily Whitmire,Alexandra Albu,Women's Strawweight,3,59.12,59.12,Emily Whitmire,50.0,9.12,9.12,5,Strong Value,1,-110.0,1,0,0,,,1,train,CONFIRM_DOG,1
2019-02-23,Veronica Macedo,Gillian Robertson,Women's Flyweight,3,37.8,37.8,Gillian Robertson,62.39,-0.18,0.18,0,Lock,-1,-180.0,1,1,1,,,1,train,NO_EDGE,0
2019-02-23,Liz Carmouche,Lucie Pudilova,Women's Flyweight,3,68.9,68.9,Liz Carmouche,58.82,10.08,10.08,6,Max Value,1,-155.0,1,1,1,,,1,train,CONFIRM_FAV,0
2019-03-02,Weili Zhang,Tecia Torres,Women's Strawweight,3,46.85,46.85,Tecia Torres,42.89,10.26,10.26,6,Max Value,1,125.0,1,0,0,,,0,train,CONFIRM_DOG,1
2019-03-02,Hannah Cifers,Polyana Viana,Women's Strawweight,3,48.25,48.25,Polyana Viana,71.47,-19.72,19.72,6,Max Value,-1,-280.0,1,1,1,,,0,train,NO_EDGE,1
2019-03-02,Macy Chiasson,Gina Mazany,Women's Bantamweight,3,64.50999999999999,64.50999999999999,Macy Chiasson,81.22,-16.71,16.71,6,Max Value,-1,-525.0,1,1,1,,,1,train,NO_EDGE,1
2019-03-09,Yana Kunitskaya,Marion Reneau,Women's Bantamweight,3,58.18,58.18,Yana Kunitskaya,67.42,-9.24,9.24,5,Strong Value,-1,-235.0,1,1,1,,,1,train,NO_EDGE,1
2019-03-16,Molly McCann,Priscila Cachoeira,Women's Flyweight,3,65.34,65.34,Molly McCann,61.87,3.47,3.47,3,Watch,1,-175.0,1,1,1,,,1,train,CONFIRM_FAV,0
2019-03-23,Maycee Barber,JJ Aldrich,Women's Flyweight,3,72.81,72.81,Maycee Barber,71.07,1.74,1.74,1,Strong,1,-275.0,1,1,1,,,1,train,CONFIRM_FAV,0
2019-03-23,Randa Markos,Angela Hill,Women's Strawweight,3,62.93,62.93,Randa Markos,41.18,21.75,21.75,6,Max Value,1,135.0,1,0,0,,,1,train,CONFIRM_DOG,0
2019-03-23,Jennifer Maia,Alexis Davis,Women's Flyweight,3,49.5,49.5,Alexis Davis,57.11,-6.61,6.61,4,Value,-1,-145.0,1,1,1,,,0,train,NO_EDGE,1
2019-03-30,Maryna Moroz,Sabina Mazo,Women's Flyweight,3,56.79,56.79,Maryna Moroz,39.6,17.2,17.2,6,Max Value,1,145.0,1,0,0,,,1,train,CONFIRM_DOG,1
2019-03-30,Marina Rodriguez,Jessica Aguilar,Women's Strawweight,3,78.47,78.47,Marina Rodriguez,75.21,3.26,3.26,3,Watch,1,-350.0,1,1,1,,,1,train,CONFIRM_FAV,0
2019-03-30,Karolina Kowalkiewicz,Michelle Waterson,Women's Strawweight,3,48.58,48.58,Michelle Waterson,40.37,11.05,11.05,6,Max Value,1,140.0,1,0,0,,,1,train,CONFIRM_DOG,0
2019-04-13,Lauren Mueller,Poliana Botelho,Women's Flyweight,3,29.75,29.75,Poliana Botelho,60.4,9.84,9.84,5,Strong Value,1,-165.0,1,1,1,,,1,train,CONFIRM_FAV,0
2019-04-20,Roxanne Modafferi,Antonina Shevchenko,Women's Flyweight,3,24.0,24.0,Antonina Shevchenko,73.96,2.04,2.04,2,Lean,1,-330.0,1,1,1,,,0,train,CONFIRM_FAV,0
2019-04-27,Jodie Esquibel,Angela Hill,Women's Strawweight,3,30.870000000000005,30.870000000000005,Angela Hill,82.66,-13.54,13.54,6,Max Value,-1,-610.0,1,1,1,,,1,train,NO_EDGE,1
2019-04-27,Carla Esparza,Virna Jandiroba,Women's Strawweight,3,58.27,58.27,Carla Esparza,54.27,4.0,4.0,3,Watch,1,-130.0,1,1,1,,,1,train,CONFIRM_FAV,0
2019-05-04,Sarah Moras,Macy Chiasson,Women's Bantamweight,3,30.230000000000004,30.230000000000004,Macy Chiasson,84.0,-14.23,14.23,6,Max Value,-1,-700.0,1,1,1,,,1,train,NO_EDGE,1
2019-05-11,Jessica Andrade,Rose Namajunas,Women's Strawweight,5,54.81,54.81,Jessica Andrade,56.2,-1.4,1.4,1,Strong,-1,-140.0,1,1,1,,,1,train,NO_EDGE,1
2019-05-11,Bethe Correia,Irene Aldana,Women's Bantamweight,3,48.91,48.91,Irene Aldana,77.27,-26.18,26.18,6,Max Value,-1,-400.0,1,1,1,,,1,train,NO_EDGE,1
2019-05-11,Priscila Cachoeira,Luana Carolina,Women's Flyweight,3,33.64,33.64,Luana Carolina,61.15,5.21,5.21,4,Value,1,-170.0,1,1,1,,,1,train,CONFIRM_FAV,1
2019-05-11,Talita Bernardo,Viviane Araujo,Women's Bantamweight,3,35.95,35.95,Viviane Araujo,28.53,35.52,35.52,6,Max Value,1,240.0,1,0,0,,,1,train,CONFIRM_DOG,0
2019-05-18,Sijara Eubanks,Aspen Ladd,Women's Bantamweight,3,44.24,44.24,Aspen Ladd,69.8,-14.04,14.04,6,Max Value,-1,-260.0,1,1,1,,,1,train,NO_EDGE,1
2019-05-18,Megan Anderson,Felicia Spencer,Women's Featherweight,3,54.2,54.2,Megan Anderson,65.81,-11.62,11.62,6,Max Value,-1,-220.0,1,1,1,,,0,train,NO_EDGE,0
2019-06-01,Bea Malecki,Duda Santana,Women's Bantamweight,3,54.77,54.77,Bea Malecki,53.25,1.53,1.53,1,Strong,1,-125.0,1,1,1,,,1,train,CONFIRM_FAV,0
2019-06-01,Lina Lansberg,Tonya Evinger,Women's Bantamweight,3,72.49,72.49,Lina Lansberg,22.73,49.77,49.77,6,Max Value,1,325.0,1,0,0,,,1,train,CONFIRM_DOG,1
2019-06-08,Nina Ansaroff,Tatiana Suarez,Women's Strawweight,3,19.510000000000005,19.510000000000005,Tatiana Suarez,84.65,-4.16,4.16,3,Watch,-1,-750.0,1,1,1,,,1,train,NO_EDGE,1
2019-06-08,Karolina Kowalkiewicz,Alexa Grasso,Women's Strawweight,3,35.89,35.89,Alexa Grasso,53.25,10.86,10.86,6,Max Value,1,-125.0,1,1,1,,,1,train,CONFIRM_FAV,0
2019-06-08,Jessica Eye,Valentina Shevchenko,Women's Flyweight,5,20.61,20.61,Valentina Shevchenko,88.0,-8.61,8.61,5,Strong Value,-1,-1100.0,1,1,1,,,1,train,NO_EDGE,1
2019-06-08,Angela Hill,Yan Xiaonan,Women's Strawweight,3,28.069999999999993,28.069999999999993,Yan Xiaonan,65.81,6.12,6.12,4,Value,1,-220.0,1,1,1,,,1,train,CONFIRM_FAV,1
2019-06-08,Joanne Calderwood,Katlyn Chookagian,Women's Flyweight,3,51.26,51.26,Joanne Calderwood,51.08,0.17,0.17,0,Lock,1,-115.0,1,0,0,,,0,train,CONFIRM_DOG,1
2019-06-22,Molly McCann,Ariane Lipski,Women's Flyweight,3,61.23,61.23,Molly McCann,30.65,30.58,30.58,6,Max Value,1,215.0,1,0,0,,,1,train,CONFIRM_DOG,1
2019-06-22,Ashley Yoder,Syuri Kondo,Women's Strawweight,3,58.46,58.46,Ashley Yoder,56.2,2.25,2.25,2,Lean,1,-140.0,1,1,1,,,1,train,CONFIRM_FAV,0
2019-06-22,Andrea Lee,Montana De La Rosa,Women's Flyweight,3,51.76,51.76,Andrea Lee,62.79,-11.04,11.04,6,Max Value,-1,-185.0,1,1,1,,,1,train,NO_EDGE,0
2019-06-29,Emily Whitmire,Amanda Ribas,Women's Strawweight,3,31.07,31.07,Amanda Ribas,38.13,30.8,30.8,6,Max Value,1,155.0,1,0,0,,,1,train,CONFIRM_DOG,0
2019-07-06,Julia Avila,Pannie Kianzad,Women's Bantamweight,3,58.63,58.63,Julia Avila,68.89,-10.26,10.26,6,Max Value,-1,-250.0,1,1,1,,,1,train,NO_EDGE,0
2019-07-06,Caludia Gadelha,Randa Markos,Women's Strawweight,3,65.12,65.12,Caludia Gadelha,64.29,0.84,0.84,0,Lock,1,-200.0,1,1,1,,,1,train,CONFIRM_FAV,0
2019-07-06,Holly Holm,Amanda Nunes,Women's Bantamweight,5,16.209999999999994,16.209999999999994,Amanda Nunes,75.79,8.01,8.01,5,Strong Value,1,-360.0,1,1,1,,,1,train,CONFIRM_FAV,1
2019-07-13,Germaine De Randamie,Aspen Ladd,Women's Bantamweight,5,41.38,41.38,Aspen Ladd,52.17,6.45,6.45,4,Value,1,-120.0,1,1,1,,,0,train,CONFIRM_FAV,0
2019-07-13,Julianna Pena,Nicco Montano,Women's Bantamweight,3,55.94,55.94,Julianna Pena,68.89,-12.95,12.95,6,Max Value,-1,-250.0,1,1,1,,,1,train,NO_EDGE,0
2019-07-13,Livinha Souza,Brianna Van Buren,Women's Strawweight,3,39.53,39.53,Brianna Van Buren,48.92,11.55,11.55,6,Max Value,1,-105.0,1,0,0,,,1,train,CONFIRM_DOG,0
2019-07-20,Roxanne Modafferi,Jennifer Maia,Women's Flyweight,3,23.37,23.37,Jennifer Maia,54.27,22.36,22.36,6,Max Value,1,-130.0,1,1,1,,,1,train,CONFIRM_FAV,0
2019-07-20,Irene Aldana,Raquel Pennington,Women's Bantamweight,3,31.510000000000005,31.510000000000005,Raquel Pennington,44.74,23.75,23.75,6,Max Value,1,115.0,1,0,0,,,1,train,CONFIRM_DOG,1
2019-07-27,Sarah Frota,Gillian Robertson,Women's Flyweight,3,30.409999999999997,30.409999999999997,Gillian Robertson,57.98,11.61,11.61,6,Max Value,1,-150.0,1,1,1,,,1,train,CONFIRM_FAV,1
2019-07-27,Viviane Araujo,Alexis Davis,Women's Flyweight,3,60.68,60.68,Viviane Araujo,63.45,-2.77,2.77,2,Lean,-1,-190.0,1,1,1,,,1,train,NO_EDGE,1
2019-07-27,Felicia Spencer,Cris Cyborg,Women's Featherweight,3,31.879999999999995,31.879999999999995,Cris Cyborg,76.67,-8.54,8.54,5,Strong Value,-1,-380.0,1,1,1,,,1,train,NO_EDGE,1
2019-08-03,Antonina Shevchenko,Lucie Pudilova,Women's Flyweight,3,55.95,55.95,Antonina Shevchenko,59.63,-3.68,3.68,3,Watch,-1,-160.0,1,1,1,,,1,train,NO_EDGE,0
2019-08-03,Miranda Granger,Hannah Goldy,Women's Flyweight,3,55.64,55.64,Miranda Granger,48.92,6.72,6.72,4,Value,1,-105.0,1,1,1,,,1,train,CONFIRM_FAV,0
2019-08-03,Mara Romero Borella,Lauren Murphy,Women's Flyweight,3,42.79,42.79,Lauren Murphy,34.19,23.02,23.02,6,Max Value,1,180.0,1,0,0,,,1,train,CONFIRM_DOG,1
2019-08-10,Valentina Shevchenko,Liz Carmouche,Women's Flyweight,5,67.49,67.49,Valentina Shevchenko,88.0,-20.51,20.51,6,Max Value,-1,-1100.0,1,1,1,,,1,train,NO_EDGE,0
2019-08-10,Marina Rodriguez,Tecia Torres,Women's Strawweight,3,54.63,54.63,Marina Rodriguez,40.37,14.25,14.25,6,Max Value,1,140.0,1,0,0,,,1,train,CONFIRM_DOG,1
2019-08-10,Polyana Viana,Veronica Macedo,Women's Flyweight,3,44.59,44.59,Veronica Macedo,54.27,1.14,1.14,1,Strong,1,-130.0,1,1,1,,,1,train,CONFIRM_FAV,1
2019-08-17,Shana Dobson,Sabina Mazo,Women's Flyweight,3,21.730000000000004,21.730000000000004,Sabina Mazo,57.11,21.16,21.16,6,Max Value,1,-145.0,1,1,1,,,1,train,CONFIRM_FAV,1
2019-08-17,Jodie Esquibel,Hannah Cifers,Women's Strawweight,3,30.17,30.17,Hannah Cifers,71.95,-2.12,2.12,2,Lean,-1,-290.0,1,1,1,,,1,train,NO_EDGE,1
2019-08-31,Karol Rosa,Lara Procopio,Women's Bantamweight,3,63.61,63.61,Karol Rosa,51.08,12.53,12.53,6,Max Value,1,-115.0,1,1,1,,,1,train,CONFIRM_FAV,0
2019-08-31,Mizuki Inoue,Wu Yanan,Women's Flyweight,3,44.24,44.24,Wu Yanan,38.85,16.91,16.91,6,Max Value,1,150.0,1,0,0,,,0,train,CONFIRM_DOG,1
2019-08-31,Jessica Andrade,Zhang Weili,Women's Strawweight,5,49.32,49.32,Zhang Weili,35.71,14.96,14.96,6,Max Value,1,170.0,1,0,0,,,1,train,CONFIRM_DOG,0
2019-09-07,Liana Jojua,Sarah Moras,Women's Bantamweight,3,47.6,47.6,Sarah Moras,41.18,11.22,11.22,6,Max Value,1,135.0,1,0,0,,,1,train,CONFIRM_DOG,0
2019-09-07,Andrea Lee,Joanne Calderwood,Women's Flyweight,3,38.01,38.01,Joanne Calderwood,31.11,30.88,30.88,6,Max Value,1,210.0,1,0,0,,,1,train,CONFIRM_DOG,1
2019-09-21,Carla Esparza,Alexa Grasso,Women's Strawweight,3,68.64,68.64,Carla Esparza,42.89,25.76,25.76,6,Max Value,1,125.0,1,0,0,,,1,train,CONFIRM_DOG,0
2019-09-21,Sijara Eubanks,Bethe Correia,Women's Bantamweight,3,52.92,52.92,Sijara Eubanks,71.95,-19.03,19.03,6,Max Value,-1,-290.0,1,1,1,,,0,train,NO_EDGE,0
2019-09-21,Angela Hill,Ariane Carnelossi,Women's Strawweight,3,60.93,60.93,Angela Hill,48.92,12.01,12.01,6,Max Value,1,-105.0,1,0,0,,,1,train,CONFIRM_DOG,1
2019-09-21,Vanessa Melo,Irene Aldana,Women's Bantamweight,3,24.989999999999995,24.989999999999995,Irene Aldana,81.22,-6.21,6.21,4,Value,-1,-525.0,1,1,1,,,1,train,NO_EDGE,1
2019-09-28,Lina Lansberg,Macy Chiasson,Women's Bantamweight,3,43.21,43.21,Macy Chiasson,78.31,-21.52,21.52,6,Max Value,-1,-430.0,1,1,1,,,0,train,NO_EDGE,1
2019-10-05,Ji Yeon Kim,Nadia Kassem,Women's Flyweight,3,44.66,44.66,Nadia Kassem,38.13,17.21,17.21,6,Max Value,1,155.0,1,0,0,,,0,train,CONFIRM_DOG,1
2019-10-05,Zarah Fairn,Megan Anderson,Women's Featherweight,3,26.739999999999995,26.739999999999995,Megan Anderson,77.84,-4.58,4.58,3,Watch,-1,-420.0,1,1,1,,,1,train,NO_EDGE,1
2019-10-12,JJ Aldrich,Lauren Mueller,Women's Flyweight,3,55.25,55.25,JJ Aldrich,57.98,-2.73,2.73,2,Lean,-1,-150.0,1,1,1,,,1,train,NO_EDGE,0
2019-10-12,Mackenzie Dern,Amanda Ribas,Women's Strawweight,3,29.96,29.96,Amanda Ribas,37.21,32.84,32.84,6,Max Value,1,160.0,1,0,0,,,1,train,CONFIRM_DOG,0
2019-10-12,Michelle Waterson,Joanna Jedrzejczyk,Women's Strawweight,5,29.03,29.03,Joanna Jedrzejczyk,72.41,-1.45,1.45,1,Strong,-1,-300.0,1,1,1,,,1,train,NO_EDGE,1
2019-10-18,Diana Belbita,Molly McCann,Women's Flyweight,3,32.120000000000005,32.120000000000005,Molly McCann,83.14,-15.26,15.26,6,Max Value,-1,-640.0,1,1,1,,,1,train,NO_EDGE,1
2019-10-18,Maycee Barber,Gillian Robertson,Women's Flyweight,3,52.41,52.41,Maycee Barber,61.15,-8.74,8.74,5,Strong Value,-1,-170.0,1,1,1,,,1,train,NO_EDGE,0
2019-10-26,Alexandra Albu,Loma Lookboonmee,Women's Strawweight,3,30.409999999999997,30.409999999999997,Loma Lookboonmee,55.26,14.33,14.33,6,Max Value,1,-135.0,1,1,1,,,1,train,CONFIRM_FAV,1
2019-10-26,Ashley Yoder,Randa Markos,Women's Strawweight,3,35.540000000000006,35.540000000000006,Randa Markos,57.98,6.48,6.48,4,Value,1,-150.0,1,1,1,,,1,train,CONFIRM_FAV,1
2019-11-02,Jennifer Maia,Katlyn Chookagian,Women's Flyweight,3,36.13,36.13,Katlyn Chookagian,55.26,8.61,8.61,5,Strong Value,1,-135.0,1,1,1,,,1,train,CONFIRM_FAV,1
2019-11-09,Jessica-Rose Clark,Pannie Kianzad,Women's Bantamweight,3,45.17,45.17,Pannie Kianzad,51.08,3.75,3.75,3,Watch,1,-115.0,1,0,0,,,1,train,CONFIRM_DOG,0
2019-11-16,Tracy Cortez,Vanessa Melo,Women's Bantamweight,3,84.75,84.75,Tracy Cortez,67.42,17.33,17.33,6,Max Value,1,-235.0,1,1,1,,,1,train,CONFIRM_FAV,1
2019-11-16,Ariane Lipski,Isabela De Pauda,Women's Flyweight,3,64.73,64.73,Ariane Lipski,69.8,-5.06,5.06,4,Value,-1,-260.0,1,1,1,,,1,train,NO_EDGE,0
2019-12-07,Aspen Ladd,Yana Kunitskaya,Women's Bantamweight,3,68.1,68.1,Aspen Ladd,65.07,3.03,3.03,3,Watch,1,-210.0,1,1,1,,,1,train,CONFIRM_FAV,0
2019-12-07,Virna Jandiroba,Mallory Martin,Women's Strawweight,3,56.29,56.29,Virna Jandiroba,69.35,-13.06,13.06,6,Max Value,-1,-255.0,1,1,1,,,0,train,NO_EDGE,1
2019-12-14,Jessica Eye,Viviane Araujo,Women's Flyweight,3,44.15,44.15,Viviane Araujo,66.36,-10.52,10.52,6,Max Value,-1,-225.0,1,1,1,,,0,train,NO_EDGE,0
2019-12-14,Irene Aldana,Ketlen Vieira,Women's Bantamweight,3,44.59,44.59,Ketlen Vieira,67.92,-12.52,12.52,6,Max Value,-1,-240.0,1,1,1,,,0,train,NO_EDGE,1
2019-12-14,Amanda Nunes,Germaine de Randamie,Women's Bantamweight,5,74.9,74.9,Amanda Nunes,79.25,-4.35,4.35,3,Watch,-1,-460.0,1,1,1,,,1,train,NO_EDGE,0
2019-12-21,Miranda Granger,Amanda Lemos,Women's Strawweight,3,36.91,36.91,Amanda Lemos,28.48,34.61,34.61,6,Max Value,1,234.0,1,0,0,,,1,train,CONFIRM_DOG,0
2020-01-18,Roxanne Modafferi,Maycee Barber,Women's Flyweight,3,16.79,16.79,Maycee Barber,87.08,-3.86,3.86,3,Watch,-1,-830.0,1,1,1,,,0,train,NO_EDGE,0
2020-01-18,Raquel Pennington,Holly Holm,Women's Bantamweight,3,50.32,50.32,Raquel Pennington,46.75,3.56,3.56,3,Watch,1,105.0,1,0,0,,,0,train,CONFIRM_DOG,1
2020-01-18,Sabina Mazo,JJ Aldrich,Women's Flyweight,3,53.26,53.26,Sabina Mazo,50.0,3.26,3.26,3,Watch,1,-105.0,1,1,1,,,1,train,CONFIRM_FAV,0
2020-01-25,Lina Lansberg,Sara McMann,Women's Bantamweight,3,26.760000000000005,26.760000000000005,Sara McMann,53.25,20.0,20.0,6,Max Value,1,-125.0,1,1,1,,,1,train,CONFIRM_FAV,1
2020-01-25,Luci Pudilova,Justine Kish,Women's Flyweight,3,44.51,44.51,Justine Kish,38.85,16.64,16.64,6,Max Value,1,150.0,1,0,0,,,1,train,CONFIRM_DOG,1
2020-01-25,Angela Hill,Hannah Cifers,Women's Strawweight,3,55.79,55.79,Angela Hill,65.81,-10.02,10.02,6,Max Value,-1,-220.0,1,1,1,,,1,train,NO_EDGE,1
2020-02-08,Lauren Murphy,Andrea Lee,Women's Flyweight,3,50.3,50.3,Lauren Murphy,26.72,23.58,23.58,6,Max Value,1,260.0,1,0,0,,,1,train,CONFIRM_DOG,0
2020-02-08,Valentina Shevchenko,Katlyn Chookagian,Women's Flyweight,5,76.34,76.34,Valentina Shevchenko,86.49,-10.15,10.15,6,Max Value,-1,-920.0,1,1,1,,,1,train,NO_EDGE,0
2020-02-15,Shanna Young,Macy Chiasson,Women's Bantamweight,3,25.120000000000005,25.120000000000005,Macy Chiasson,85.25,-10.36,10.36,6,Max Value,-1,-800.0,1,1,1,,,1,train,NO_EDGE,1
2020-02-15,Montana De La Rosa,Mara Romero Borella,Women's Flyweight,3,66.2,66.2,Montana De La Rosa,61.87,4.33,4.33,3,Watch,1,-175.0,1,1,1,,,1,train,CONFIRM_FAV,0
2020-02-22,Shana Dobson,Priscila Cachoeira,Women's Flyweight,3,33.75,33.75,Priscila Cachoeira,34.19,32.06,32.06,6,Max Value,1,180.0,1,0,0,,,1,train,CONFIRM_DOG,1
2020-02-22,Loma Lookboonmee,Angela Hill,Women's Strawweight,3,51.33,51.33,Loma Lookboonmee,38.13,13.21,13.21,6,Max Value,1,155.0,1,0,0,,,0,train,CONFIRM_DOG,0
2020-02-22,Yan Xiaonan,Karolina Kowalkiewicz,Women's Strawweight,3,71.75,71.75,Yan Xiaonan,70.23,1.51,1.51,1,Strong,1,-265.0,1,1,1,,,1,train,CONFIRM_FAV,1
2020-02-29,Megan Anderson,Norma Dumont,Women's Featherweight,3,55.96,55.96,Megan Anderson,68.41,-12.45,12.45,6,Max Value,-1,-245.0,1,1,1,,,1,train,NO_EDGE,0
2020-02-29,Zarah Fairn,Felicia Spencer,Women's Featherweight,3,34.099999999999994,34.099999999999994,Felicia Spencer,86.0,-20.1,20.1,6,Max Value,-1,-870.0,1,1,1,,,1,train,NO_EDGE,1
2020-03-07,Weili Zhang,Joanna Jedrzejczyk,Women's Strawweight,5,48.33,48.33,Joanna Jedrzejczyk,36.33,15.34,15.34,6,Max Value,1,170.0,1,0,0,,,0,train,CONFIRM_DOG,0
2020-03-14,Randa Markos,Amanda Ribas,Women's Strawweight,3,30.39,30.39,Amanda Ribas,76.29,-6.68,6.68,4,Value,-1,-345.0,1,1,1,,,1,train,NO_EDGE,1
2020-03-14,Bea Malecki,Veronica Macedo,Women's Bantamweight,3,57.11,57.11,Bea Malecki,40.17,16.94,16.94,6,Max Value,1,145.0,1,0,0,,,1,train,CONFIRM_DOG,1
2020-03-14,Maryna Moroz,Mayra Bueno Silva,Women's Flyweight,3,59.37,59.37,Maryna Moroz,42.7,16.66,16.66,6,Max Value,1,130.0,1,0,0,,,1,train,CONFIRM_DOG,1
2020-05-09,Carla Esparza,Michelle Waterson,Women's Strawweight,3,72.0,72.0,Carla Esparza,58.82,13.17,13.17,6,Max Value,1,-155.0,1,1,1,,,1,train,CONFIRM_FAV,0
2020-05-13,Sijara Eubanks,Sarah Moras,Women's Bantamweight,3,67.59,67.59,Sijara Eubanks,76.35,-8.75,8.75,5,Strong Value,-1,-370.0,1,1,1,,,1,train,NO_EDGE,0
2020-05-16,Mara Romero Borella,Cortney Casey,Women's Flyweight,3,48.78,48.78,Cortney Casey,62.79,-11.57,11.57,6,Max Value,-1,-185.0,1,1,1,,,1,train,NO_EDGE,1
2020-05-16,Claudia Gadelha,Angela Hill,Women's Strawweight,3,61.57,61.57,Claudia Gadelha,69.35,-7.78,7.78,4,Value,-1,-255.0,1,1,1,,,1,train,NO_EDGE,0
2020-05-30,Katlyn Chookagian,Antonina Shevchenko,Women's Flyweight,3,58.58,58.58,Katlyn Chookagian,45.73,12.85,12.85,6,Max Value,1,110.0,1,0,0,,,1,train,CONFIRM_DOG,0
2020-05-30,Mackenzie Dern,Hannah Cifers,Women's Strawweight,3,58.26,58.26,Mackenzie Dern,77.84,-19.59,19.59,6,Max Value,-1,-420.0,1,1,1,,,1,train,NO_EDGE,0
2020-06-06,Amanda Nunes,Felicia Spencer,Women's Featherweight,5,87.74,87.74,Amanda Nunes,82.5,5.24,5.24,4,Value,1,-600.0,1,1,1,,,1,train,CONFIRM_FAV,0
2020-06-13,Cynthia Calvillo,Jessica Eye,Women's Flyweight,5,71.28,71.28,Cynthia Calvillo,55.43,15.86,15.86,6,Max Value,1,-130.0,1,1,1,,,1,train,CONFIRM_FAV,1
2020-06-13,Gina Mazany,Julia Avila,Women's Bantamweight,3,48.68,48.68,Julia Avila,83.29,-31.97,31.97,6,Max Value,-1,-575.0,1,1,1,,,1,train,NO_EDGE,1
2020-06-13,Mariya Agapova,Hannah Cifers,Women's Flyweight,3,62.66,62.66,Mariya Agapova,75.72,-13.07,13.07,6,Max Value,-1,-335.0,1,1,1,,,1,train,NO_EDGE,0
2020-06-20,Roxanne Modafferi,Lauren Murphy,Women's Flyweight,3,22.63,22.63,Lauren Murphy,46.75,30.62,30.62,6,Max Value,1,105.0,1,0,0,,,1,train,CONFIRM_DOG,0
2020-06-20,Cortney Casey,Gillian Robertson,Women's Flyweight,3,21.57,21.57,Gillian Robertson,52.17,26.26,26.26,6,Max Value,1,-120.0,1,1,1,,,1,train,CONFIRM_FAV,0
2020-06-20,Brianna Van Buren,Tecia Torres,Women's Strawweight,3,37.26,37.26,Tecia Torres,34.93,27.81,27.81,6,Max Value,1,175.0,1,0,0,,,1,train,CONFIRM_DOG,1
2020-06-20,Marion Reneau,Raquel Pennington,Women's Bantamweight,3,25.099999999999994,25.099999999999994,Raquel Pennington,59.63,15.27,15.27,6,Max Value,1,-160.0,1,1,1,,,1,train,CONFIRM_FAV,1
2020-06-27,Kay Hansen,Jinh Yu Frey,Women's Strawweight,3,69.47,69.47,Kay Hansen,60.23,9.24,9.24,5,Strong Value,1,-175.0,1,1,1,,,1,train,CONFIRM_FAV,0
2020-06-27,Mara Romero Borella,Miranda Maverick,Women's Flyweight,3,56.42,56.42,Mara Romero Borella,28.69,27.73,27.73,6,Max Value,1,230.0,1,0,0,,,1,train,CONFIRM_DOG,0
2020-07-11,Jessica Andrade,Rose Namajunas,Women's Strawweight,3,48.3,48.3,Rose Namajunas,65.24,-13.54,13.54,6,Max Value,-1,-215.0,1,1,1,,,1,train,NO_EDGE,0
2020-07-11,Amanda Ribas,Paige VanZant,Women's Flyweight,3,65.67,65.67,Amanda Ribas,84.15,-18.49,18.49,6,Max Value,-1,-770.0,1,1,1,,,1,train,NO_EDGE,0
2020-07-11,Karol Rosa,Vanessa Melo,Women's Bantamweight,3,75.54,75.54,Karol Rosa,67.82,7.73,7.73,4,Value,1,-250.0,1,1,1,,,1,train,CONFIRM_FAV,0
2020-07-15,Liana Jojua,Diana Belbita,Women's Flyweight,3,60.36,60.36,Liana Jojua,37.24,23.12,23.12,6,Max Value,1,155.0,1,0,0,,,1,train,CONFIRM_DOG,1
2020-07-15,Taila Santos,Molly McCann,Women's Flyweight,3,61.66,61.66,Taila Santos,42.97,18.69,18.69,6,Max Value,1,120.0,1,0,0,,,1,train,CONFIRM_DOG,1
2020-07-18,Ariane Lipski,Luana Carolina,Women's Flyweight,3,52.65,52.65,Ariane Lipski,52.63,0.02,0.02,0,Lock,1,-125.0,1,1,1,,,1,train,CONFIRM_FAV,0
2020-07-25,Bethe Correia,Pannie Kianzad,Women's Bantamweight,3,41.5,41.5,Pannie Kianzad,58.82,-0.32,0.32,0,Lock,-1,-162.0,1,1,1,,,1,train,NO_EDGE,0
2020-07-25,Marina Rodriguez,Carla Esparza,Women's Strawweight,3,31.459999999999994,31.459999999999994,Carla Esparza,38.74,29.8,29.8,6,Max Value,1,145.0,1,0,0,,,1,train,CONFIRM_DOG,1
2020-08-01,Jennifer Maia,Joanne Calderwood,Women's Flyweight,3,39.47,39.47,Joanne Calderwood,58.71,1.82,1.82,1,Strong,1,-162.0,1,1,1,,,0,train,CONFIRM_FAV,1
2020-08-08,Yana Kunitskaya,Julija Stoliarenko,Women's Bantamweight,3,65.61,65.61,Yana Kunitskaya,62.09,3.51,3.51,3,Watch,1,-190.0,1,1,1,,,1,train,CONFIRM_FAV,0
2020-08-15,Livinha Souza,Ashley Yoder,Women's Strawweight,3,58.99,58.99,Livinha Souza,58.71,0.27,0.27,0,Lock,1,-162.0,1,1,1,,,1,train,CONFIRM_FAV,1
2020-08-15,Virna Jandiroba,Felice Herrig,Women's Strawweight,3,74.36,74.36,Virna Jandiroba,72.07,2.28,2.28,2,Lean,1,-315.0,1,1,1,,,1,train,CONFIRM_FAV,1
2020-08-22,Amanda Lemos,Mizuki Inoue,Women's Strawweight,3,72.14,72.14,Amanda Lemos,45.17,26.97,26.97,6,Max Value,1,110.0,1,0,0,,,1,train,CONFIRM_DOG,0
2020-08-22,Mariya Agapova,Shana Dobson,Women's Flyweight,3,63.09,63.09,Mariya Agapova,88.82,-25.73,25.73,6,Max Value,-1,-1430.0,1,1,1,,,0,train,NO_EDGE,0
2020-08-29,Mallory Martin,Hannah Cifers,Women's Strawweight,3,50.44,50.44,Mallory Martin,72.01,-21.57,21.57,6,Max Value,-1,-315.0,1,1,1,,,1,train,NO_EDGE,0
2020-08-29,Alexa Grasso,Ji Yeon Kim,Women's Flyweight,3,70.23,70.23,Alexa Grasso,71.47,-1.24,1.24,1,Strong,-1,-315.0,1,1,1,,,1,train,NO_EDGE,1
2020-08-29,Polyana Viana,Emily Whitmire,Women's Strawweight,3,60.54,60.54,Polyana Viana,45.02,15.53,15.53,6,Max Value,1,110.0,1,0,0,,,1,train,CONFIRM_DOG,0
2020-09-05,Montana De La Rosa,Viviane Araujo,Women's Flyweight,3,44.47,44.47,Viviane Araujo,61.26,-5.73,5.73,4,Value,-1,-182.0,1,1,1,,,1,train,NO_EDGE,1
2020-09-12,Andrea Lee,Roxanne Modafferi,Women's Flyweight,3,65.84,65.84,Andrea Lee,72.36,-6.52,6.52,4,Value,-1,-335.0,1,1,1,,,0,train,NO_EDGE,1
2020-09-12,Michelle Waterson,Angela Hill,Women's Strawweight,5,53.28,53.28,Michelle Waterson,46.75,6.52,6.52,4,Value,1,105.0,1,0,0,,,1,train,CONFIRM_DOG,0
2020-09-12,Sabina Mazo,Justine Kish,Women's Flyweight,3,63.5,63.5,Sabina Mazo,68.53,-5.03,5.03,4,Value,-1,-265.0,1,1,1,,,1,train,NO_EDGE,0
2020-09-12,Julia Avila,Sijara Eubanks,Women's Bantamweight,3,40.13,40.13,Sijara Eubanks,28.69,31.17,31.17,6,Max Value,1,230.0,1,0,0,,,1,train,CONFIRM_DOG,0
2020-09-19,Jessica-Rose Clark,Sarah Alpar,Women's Bantamweight,3,70.3,70.3,Jessica-Rose Clark,66.12,4.18,4.18,3,Watch,1,-230.0,1,1,1,,,1,train,CONFIRM_FAV,0
2020-09-19,Mayra Bueno Silva,Mara Romero Borella,Women's Flyweight,3,59.69,59.69,Mayra Bueno Silva,69.45,-9.76,9.76,5,Strong Value,-1,-275.0,1,1,1,,,1,train,NO_EDGE,0
2020-09-19,Randa Markos,Mackenzie Dern,Women's Strawweight,3,41.19,41.19,Mackenzie Dern,60.53,-1.72,1.72,1,Strong,-1,-177.0,1,1,1,,,1,train,NO_EDGE,1
2020-09-26,Sijara Eubanks,Ketlen Vieira,Women's Bantamweight,3,33.68000000000001,33.68000000000001,Ketlen Vieira,62.09,4.23,4.23,3,Watch,1,-190.0,1,1,1,,,1,train,CONFIRM_FAV,1
2020-10-03,Irene Aldana,Holly Holm,Women's Bantamweight,5,35.980000000000004,35.980000000000004,Holly Holm,53.0,11.02,11.02,6,Max Value,1,-125.0,1,1,1,,,1,train,CONFIRM_FAV,1
2020-10-03,Jinh Yu Frey,Loma Lookboonmee,Women's Strawweight,3,23.08,23.08,Loma Lookboonmee,56.9,20.02,20.02,6,Max Value,1,-150.0,1,1,1,,,1,train,CONFIRM_FAV,1
2020-10-03,Germaine de Randamie,Julianna Pena,Women's Bantamweight,3,60.88,60.88,Germaine de Randamie,57.12,3.76,3.76,3,Watch,1,-150.0,1,1,1,,,1,train,CONFIRM_FAV,0
2020-10-10,Stephanie Egger,Tracy Cortez,Women's Bantamweight,3,27.049999999999997,27.049999999999997,Tracy Cortez,63.6,9.34,9.34,5,Strong Value,1,-205.0,1,1,1,,,1,train,CONFIRM_FAV,1
2020-10-17,Gillian Robertson,Poliana Botelho,Women's Flyweight,3,64.76,64.76,Gillian Robertson,64.74,0.02,0.02,0,Lock,1,-215.0,1,1,1,,,1,train,CONFIRM_FAV,0
2020-10-17,Katlyn Chookagian,Jessica Andrade,Women's Flyweight,3,26.96,26.96,Jessica Andrade,58.54,14.5,14.5,6,Max Value,1,-159.0,1,1,1,,,1,train,CONFIRM_FAV,0
2020-10-24,Liana Jojua,Miranda Maverick,Women's Flyweight,3,36.07,36.07,Miranda Maverick,75.96,-12.03,12.03,6,Max Value,-1,-400.0,1,1,1,,,1,train,NO_EDGE,0
2020-10-24,Lauren Murphy,Liliya Shakirova,Women's Flyweight,3,66.23,66.23,Lauren Murphy,64.82,1.41,1.41,1,Strong,1,-215.0,1,1,1,,,1,train,CONFIRM_FAV,0
2020-11-07,Claudia Gadelha,Yan Xiaonan,Women's Strawweight,3,35.69,35.69,Yan Xiaonan,57.76,6.54,6.54,4,Value,1,-155.0,1,1,1,,,1,train,CONFIRM_FAV,0
2020-11-14,Kanako Murata,Randa Markos,Women's Strawweight,3,61.3,61.3,Kanako Murata,62.96,-1.67,1.67,1,Strong,-1,-200.0,1,1,1,,,1,train,NO_EDGE,1
2020-11-14,Miranda Granger,Ashley Yoder,Women's Strawweight,3,49.5,49.5,Ashley Yoder,40.49,10.02,10.02,6,Max Value,1,135.0,1,0,0,,,1,train,CONFIRM_DOG,1
2020-11-14,Kay Hansen,Cory McKenna,Women's Strawweight,3,35.61,35.61,Cory McKenna,33.88,30.51,30.51,6,Max Value,1,180.0,1,0,0,,,1,train,CONFIRM_DOG,0
2020-11-21,Jennifer Maia,Valentina Shevchenko,Women's Flyweight,3,17.540000000000006,17.540000000000006,Valentina Shevchenko,89.96,-7.5,7.5,4,Value,-1,-1667.0,1,1,1,,,1,train,NO_EDGE,1
2020-11-21,Cynthia Calvillo,Katlyn Chookagian,Women's Flyweight,3,45.91,45.91,Katlyn Chookagian,31.11,22.98,22.98,6,Max Value,1,205.0,1,0,0,,,1,train,CONFIRM_DOG,1
2020-11-21,Antonina Shevchenko,Ariane Lipski,Women's Flyweight,3,63.11,63.11,Antonina Shevchenko,58.99,4.11,4.11,3,Watch,1,-167.0,1,1,1,,,1,train,CONFIRM_FAV,0
2020-11-28,Rachael Ostovich,Gina Mazany,Women's Flyweight,3,39.78,39.78,Gina Mazany,63.41,-3.19,3.19,3,Watch,-1,-200.0,1,1,1,,,1,train,NO_EDGE,1
2020-11-28,Ashlee Evans-Smith,Norma Dumont,Women's Bantamweight,3,26.71,26.71,Norma Dumont,45.17,28.12,28.12,6,Max Value,1,110.0,1,0,0,,,1,train,CONFIRM_DOG,0
2020-12-12,Tecia Torres,Sam Hughes,Women's Strawweight,3,63.61,63.61,Tecia Torres,81.63,-18.02,18.02,6,Max Value,-1,-550.0,1,1,1,,,1,train,NO_EDGE,0
2020-12-12,Mackenzie Dern,Virna Jandiroba,Women's Strawweight,3,53.41,53.41,Mackenzie Dern,59.63,-6.21,6.21,4,Value,-1,-160.0,1,1,1,,,1,train,NO_EDGE,0
2020-12-19,Taila Santos,Gillian Robertson,Women's Flyweight,3,65.68,65.68,Taila Santos,42.89,22.79,22.79,6,Max Value,1,125.0,1,0,0,,,1,train,CONFIRM_DOG,1
2020-12-19,Pannie Kianzad,Sijara Eubanks,Women's Bantamweight,3,49.59,49.59,Sijara Eubanks,56.2,-5.79,5.79,4,Value,-1,-140.0,1,1,1,,,0,train,NO_EDGE,1
2021-01-16,Sarah Moras,Vanessa Melo,Women's Bantamweight,3,49.83,49.83,Vanessa Melo,33.88,16.29,16.29,6,Max Value,1,180.0,1,0,0,,,1,train,CONFIRM_DOG,0
2021-01-16,Joselyne Edwards,Wu Yanan,Women's Bantamweight,3,59.66,59.66,Joselyne Edwards,50.0,9.66,9.66,5,Strong Value,1,-110.0,1,0,0,,,1,train,CONFIRM_DOG,1
2021-01-20,Victoria Leonardo,Manon Fiorot,Women's Flyweight,3,37.84,37.84,Manon Fiorot,64.82,-2.66,2.66,2,Lean,-1,-215.0,1,1,1,,,1,train,NO_EDGE,0
2021-01-20,Roxanne Modafferi,Viviane Araujo,Women's Flyweight,3,19.79,19.79,Viviane Araujo,73.49,6.72,6.72,4,Value,1,-335.0,1,1,1,,,1,train,CONFIRM_FAV,0
2021-01-23,Jessica Eye,Joanne Calderwood,Women's Flyweight,3,31.62,31.62,Joanne Calderwood,51.28,17.1,17.1,6,Max Value,1,-117.0,1,0,0,,,1,train,CONFIRM_DOG,0
2021-01-23,Sara McMann,Julianna Pena,Women's Bantamweight,3,45.57,45.57,Julianna Pena,46.32,8.1,8.1,5,Strong Value,1,105.0,1,0,0,,,1,train,CONFIRM_DOG,1
2021-01-23,Amanda Ribas,Marina Rodriguez,Women's Strawweight,3,56.54,56.54,Amanda Ribas,72.94,-16.4,16.4,6,Max Value,-1,-335.0,1,1,1,,,0,train,NO_EDGE,1
2021-02-06,Molly McCann,Lara Procopio,Women's Flyweight,3,53.9,53.9,Molly McCann,60.53,-6.63,6.63,4,Value,-1,-177.0,1,1,1,,,0,train,NO_EDGE,0
2021-02-13,Mallory Martin,Polyana Viana,Women's Strawweight,3,40.54,40.54,Polyana Viana,48.31,11.14,11.14,6,Max Value,1,100.0,1,0,0,,,1,train,CONFIRM_DOG,1
2021-02-13,Alexa Grasso,Maycee Barber,Women's Flyweight,3,37.57,37.57,Maycee Barber,50.0,12.43,12.43,6,Max Value,1,-107.0,1,1,1,,,0,train,CONFIRM_FAV,1
2021-02-20,Shana Dobson,Casey O'Neill,Women's Flyweight,3,17.32,17.32,Casey O'Neill,57.76,24.92,24.92,6,Max Value,1,-155.0,1,1,1,,,1,train,CONFIRM_FAV,0
2021-02-20,Ketlen Vieira,Yana Kunitskaya,Women's Bantamweight,3,48.57,48.57,Yana Kunitskaya,30.15,21.28,21.28,6,Max Value,1,215.0,1,0,0,,,1,train,CONFIRM_DOG,0
2021-02-27,Alexis Davis,Sabina Mazo,Women's Bantamweight,3,50.08,50.08,Alexis Davis,34.51,15.56,15.56,6,Max Value,1,178.0,1,0,0,,,1,train,CONFIRM_DOG,0
2021-03-06,Amanda Nunes,Megan Anderson,Women's Featherweight,5,83.89,83.89,Amanda Nunes,84.0,-0.11,0.11,0,Lock,-1,-700.0,1,1,1,,,1,train,NO_EDGE,0
2021-03-06,Amanda Lemos,Livinha Souza,Women's Strawweight,3,67.25999999999999,67.25999999999999,Amanda Lemos,67.92,-0.66,0.66,0,Lock,-1,-240.0,1,1,1,,,1,train,NO_EDGE,1
2021-03-13,Angela Hill,Ashley Yoder,Women's Strawweight,3,65.21,65.21,Angela Hill,73.96,-8.75,8.75,5,Strong Value,-1,-330.0,1,1,1,,,1,train,NO_EDGE,0
2021-03-13,Gloria de Paula,Jinh Yu Frey,Women's Strawweight,3,53.76,53.76,Gloria de Paula,64.29,-10.53,10.53,6,Max Value,-1,-200.0,1,1,1,,,0,train,NO_EDGE,0
2021-03-13,JJ Aldrich,Cortney Casey,Women's Flyweight,3,65.89,65.89,JJ Aldrich,56.57,9.31,9.31,5,Strong Value,1,-142.0,1,1,1,,,1,train,CONFIRM_FAV,1
2021-03-20,Marion Reneau,Macy Chiasson,Women's Bantamweight,3,27.66,27.66,Macy Chiasson,66.36,5.98,5.98,4,Value,1,-225.0,1,1,1,,,1,train,CONFIRM_FAV,0
2021-03-20,Cheyanne Buys,Montserrat Conejo,Women's Strawweight,3,43.54,43.54,Montserrat Conejo,30.2,26.26,26.26,6,Max Value,1,220.0,1,0,0,,,1,train,CONFIRM_DOG,0
2021-03-27,Gillian Robertson,Miranda Maverick,Women's Flyweight,3,46.49,46.49,Miranda Maverick,57.11,-3.6,3.6,3,Watch,-1,-145.0,1,1,1,,,1,train,NO_EDGE,0
2021-04-10,Nina Nunes,Mackenzie Dern,Women's Strawweight,3,48.79,48.79,Mackenzie Dern,47.83,3.38,3.38,3,Watch,1,100.0,1,0,0,,,1,train,CONFIRM_DOG,0
2021-04-17,Tracy Cortez,Justine Kish,Women's Flyweight,3,75.8,75.8,Tracy Cortez,73.62,2.17,2.17,2,Lean,1,-325.0,1,1,1,,,1,train,CONFIRM_FAV,0
2021-04-24,Jessica Andrade,Valentina Shevchenko,Women's Flyweight,5,35.67,35.67,Valentina Shevchenko,79.01,-14.68,14.68,6,Max Value,-1,-450.0,1,1,1,,,1,train,NO_EDGE,1
2021-04-24,Rose Namajunas,Zhang Weili,Women's Strawweight,5,61.23,61.23,Rose Namajunas,35.71,25.52,25.52,6,Max Value,1,170.0,1,0,0,,,1,train,CONFIRM_DOG,1
2021-04-24,Na Liang,Ariane Carnelossi,Women's Strawweight,3,51.83,51.83,Na Liang,34.51,17.32,17.32,6,Max Value,1,178.0,1,0,0,,,0,train,CONFIRM_DOG,0
2021-05-01,Loma Lookboonmee,Sam Hughes,Women's Strawweight,3,71.89,71.89,Loma Lookboonmee,77.84,-5.96,5.96,4,Value,-1,-420.0,1,1,1,,,1,train,NO_EDGE,0
2021-05-01,Poliana Botelho,Luana Carolina,Women's Flyweight,3,57.29,57.29,Poliana Botelho,68.41,-11.12,11.12,6,Max Value,-1,-245.0,1,1,1,,,0,train,NO_EDGE,0
2021-05-01,Randa Markos,Luana Pinheiro,Women's Strawweight,3,23.44,23.44,Luana Pinheiro,58.82,17.74,17.74,6,Max Value,1,-155.0,1,1,1,,,1,train,CONFIRM_FAV,0
2021-05-08,Marina Rodriguez,Michelle Waterson,Women's Flyweight,5,67.42,67.42,Marina Rodriguez,67.42,-0.0,0.0,0,Lock,-1,-235.0,1,1,1,,,1,train,NO_EDGE,0
2021-05-15,Katlyn Chookagian,Viviane Araujo,Women's Flyweight,3,63.89,63.89,Katlyn Chookagian,53.66,10.23,10.23,6,Max Value,1,-127.0,1,1,1,,,1,train,CONFIRM_FAV,0
2021-05-15,Gina Mazany,Priscila Cachoeira,Women's Flyweight,3,55.1,55.1,Gina Mazany,67.42,-12.32,12.32,6,Max Value,-1,-235.0,1,1,1,,,0,train,NO_EDGE,0
2021-05-15,Andrea Lee,Antonina Shevchenko,Women's Flyweight,3,59.65,59.65,Andrea Lee,47.83,11.83,11.83,6,Max Value,1,100.0,1,0,0,,,1,train,CONFIRM_DOG,0
2021-05-22,Yan Xiaonan,Carla Esparza,Women's Strawweight,3,38.91,38.91,Carla Esparza,44.36,16.73,16.73,6,Max Value,1,117.0,1,0,0,,,1,train,CONFIRM_DOG,0
2021-05-22,Felicia Spencer,Norma Dumont,Women's Featherweight,3,26.39,26.39,Norma Dumont,37.8,35.81,35.81,6,Max Value,1,157.0,1,0,0,,,1,train,CONFIRM_DOG,0
2021-06-05,Montana De La Rosa,Ariane Lipski,Women's Flyweight,3,67.62,67.62,Montana De La Rosa,61.11,6.51,6.51,4,Value,1,-114.0,1,1,1,,,1,train,CONFIRM_FAV,0
2021-06-05,Tabatha Ricci,Manon Fiorot,Women's Flyweight,3,26.189999999999998,26.189999999999998,Manon Fiorot,74.73,-0.93,0.93,0,Lock,-1,-165.0,1,1,1,,,1,train,NO_EDGE,1
2021-06-12,Alexis Davis,Pannie Kianzad,Women's Bantamweight,3,43.89,43.89,Pannie Kianzad,66.95,-10.85,10.85,6,Max Value,-1,-240.0,1,1,1,,,1,train,NO_EDGE,1
2021-06-12,Joanne Calderwood,Lauren Murphy,Women's Flyweight,3,44.01,44.01,Lauren Murphy,43.57,12.42,12.42,6,Max Value,1,117.0,1,0,0,,,1,train,CONFIRM_DOG,1
2021-06-19,Casey O'Neill,Lara Procopio,Women's Flyweight,3,67.9,67.9,Casey O'Neill,40.49,27.41,27.41,6,Max Value,1,135.0,1,0,0,,,1,train,CONFIRM_DOG,0
2021-06-19,Virna Jandiroba,Kanako Murata,Women's Strawweight,3,51.18,51.18,Virna Jandiroba,55.22,-4.03,4.03,3,Watch,-1,-139.0,1,1,1,,,1,train,NO_EDGE,1
2021-06-26,Julija Stoliarenko,Julia Avila,Women's Bantamweight,3,33.72,33.72,Julia Avila,74.75,-8.47,8.47,5,Strong Value,-1,-375.0,1,1,1,,,1,train,NO_EDGE,1
2021-07-10,Irene Aldana,Yana Kunitskaya,Women's Bantamweight,3,56.76,56.76,Irene Aldana,49.15,7.61,7.61,4,Value,1,-107.0,1,1,1,,,1,train,CONFIRM_FAV,0
2021-07-10,Jessica Eye,Jennifer Maia,Women's Flyweight,3,41.48,41.48,Jennifer Maia,63.59,-5.07,5.07,4,Value,-1,-200.0,1,1,1,,,1,train,NO_EDGE,1
2021-07-17,Marion Reneau,Miesha Tate,Women's Bantamweight,3,24.58,24.58,Miesha Tate,62.11,13.31,13.31,6,Max Value,1,-180.0,1,1,1,,,1,train,CONFIRM_FAV,0
2021-07-17,Montserrat Conejo,Amanda Lemos,Women's Strawweight,3,34.34,34.34,Amanda Lemos,82.1,-16.44,16.44,6,Max Value,-1,-600.0,1,1,1,,,1,train,NO_EDGE,1
2021-07-24,Maycee Barber,Miranda Maverick,Women's Flyweight,3,68.63,68.63,Maycee Barber,41.18,27.45,27.45,6,Max Value,1,135.0,1,0,0,,,1,train,CONFIRM_DOG,1
2021-07-24,Diana Belbita,Hannah Goldy,Women's Strawweight,3,52.51,52.51,Diana Belbita,52.17,0.33,0.33,0,Lock,1,-120.0,1,1,1,,,1,train,CONFIRM_FAV,0
2021-07-24,Elise Reed,Sijara Eubanks,Women's Flyweight,3,36.51,36.51,Sijara Eubanks,76.72,-13.23,13.23,6,Max Value,-1,-410.0,1,1,1,,,1,train,NO_EDGE,1
2021-07-31,Ashley Yoder,Jinh Yu Frey,Women's Strawweight,3,50.43,50.43,Ashley Yoder,59.63,-9.2,9.2,5,Strong Value,-1,-160.0,1,1,1,,,0,train,NO_EDGE,1
2021-07-31,Cheyanne Buys,Gloria de Paula,Women's Strawweight,3,56.27,56.27,Cheyanne Buys,57.11,-0.84,0.84,0,Lock,-1,-145.0,1,1,1,,,1,train,NO_EDGE,0
2021-08-07,Tecia Torres,Angela Hill,Women's Strawweight,3,65.54,65.54,Tecia Torres,59.63,5.91,5.91,4,Value,1,-160.0,1,1,1,,,1,train,CONFIRM_FAV,0
2021-08-07,Jessica Penne,Karolina Kowalkiewicz,Women's Strawweight,3,46.92,46.92,Karolina Kowalkiewicz,57.11,-4.03,4.03,3,Watch,-1,-145.0,1,1,1,,,0,train,NO_EDGE,1
2021-08-07,Victoria Leonardo,Melissa Gatto,Women's Flyweight,3,33.04,33.04,Melissa Gatto,51.08,15.87,15.87,6,Max Value,1,-115.0,1,0,0,,,1,train,CONFIRM_DOG,0
2021-08-21,Josiane Nunes,Bea Malecki,Women's Bantamweight,3,53.61,53.61,Josiane Nunes,41.18,12.43,12.43,6,Max Value,1,135.0,1,0,0,,,1,train,CONFIRM_DOG,1
2021-08-28,Vanessa Demopoulos,JJ Aldrich,Women's Flyweight,3,21.53,21.53,JJ Aldrich,78.8,-0.34,0.34,0,Lock,-1,-475.0,1,1,1,,,1,train,NO_EDGE,1
2021-09-04,Molly McCann,Ji Yeon Kim,Women's Flyweight,3,71.53,71.53,Molly McCann,52.17,19.35,19.35,6,Max Value,1,-120.0,1,1,1,,,1,train,CONFIRM_FAV,0
2021-09-18,Emily Whitmire,Hannah Goldy,Women's Flyweight,3,43.13,43.13,Hannah Goldy,46.75,10.12,10.12,6,Max Value,1,105.0,1,0,0,,,1,train,CONFIRM_DOG,0
2021-09-18,Erin Blanchfield,Sarah Alpar,Women's Flyweight,3,84.69,84.69,Erin Blanchfield,77.76,6.93,6.93,4,Value,1,-435.0,1,1,1,,,1,train,CONFIRM_FAV,0
2021-09-18,Pannie Kianzad,Raquel Pennington,Women's Bantamweight,3,35.42,35.42,Raquel Pennington,55.26,9.32,9.32,5,Strong Value,1,-135.0,1,1,1,,,1,train,CONFIRM_FAV,0
2021-09-18,Ariane Lipski,Mandy Bohm,Women's Flyweight,3,61.73,61.73,Ariane Lipski,53.25,8.49,8.49,5,Strong Value,1,-125.0,1,1,1,,,1,train,CONFIRM_FAV,0
2021-09-25,Valentina Shevchenko,Lauren Murphy,Women's Flyweight,5,81.83,81.83,Valentina Shevchenko,89.35,-7.52,7.52,4,Value,-1,-1375.0,1,1,1,,,1,train,NO_EDGE,0
2021-09-25,Cynthia Calvillo,Jessica Andrade,Women's Flyweight,3,32.33,32.33,Jessica Andrade,65.81,1.86,1.86,1,Strong,1,-220.0,1,1,1,,,1,train,CONFIRM_FAV,1
2021-09-25,Roxanne Modafferi,Taila Santos,Women's Flyweight,3,11.22,11.22,Taila Santos,76.19,12.59,12.59,6,Max Value,1,-400.0,1,1,1,,,1,train,CONFIRM_FAV,0
2021-10-02,Karol Rosa,Bethe Correia,Women's Bantamweight,3,69.49,69.49,Karol Rosa,84.05,-14.56,14.56,6,Max Value,-1,-720.0,1,1,1,,,1,train,NO_EDGE,1
2021-10-02,Casey O'Neill,Antonina Shevchenko,Women's Flyweight,3,67.02000000000001,67.02000000000001,Casey O'Neill,69.58,-2.55,2.55,2,Lean,-1,-265.0,1,1,1,,,1,train,NO_EDGE,1
2021-10-02,Shanna Young,Stephanie Egger,Women's Bantamweight,3,36.04,36.04,Stephanie Egger,58.82,5.13,5.13,4,Value,1,-155.0,1,1,1,,,1,train,CONFIRM_FAV,1
2021-10-09,Silvana Gomez Juarez,Loopy Godinez,Women's Strawweight,3,20.040000000000006,20.040000000000006,Loopy Godinez,73.42,6.54,6.54,4,Value,1,-330.0,1,1,1,,,1,train,CONFIRM_FAV,1
2021-10-09,Sabina Mazo,Mariya Agapova,Women's Flyweight,3,40.41,40.41,Mariya Agapova,35.71,23.88,23.88,6,Max Value,1,170.0,1,0,0,,,1,train,CONFIRM_DOG,0
2021-10-09,Mackenzie Dern,Marina Rodriguez,Women's Strawweight,5,45.15,45.15,Marina Rodriguez,35.71,19.14,19.14,6,Max Value,1,170.0,1,0,0,,,1,train,CONFIRM_DOG,0
2021-10-16,Istela Nunes,Ariane Carnelossi,Women's Strawweight,3,33.57,33.57,Ariane Carnelossi,55.26,11.17,11.17,6,Max Value,1,-135.0,1,1,1,,,1,train,CONFIRM_FAV,0
2021-10-16,Mayra Bueno Silva,Manon Fiorot,Women's Flyweight,3,25.540000000000006,25.540000000000006,Manon Fiorot,72.73,1.74,1.74,1,Strong,1,-320.0,1,1,1,,,1,train,CONFIRM_FAV,1
2021-10-16,Luana Carolina,Loopy Godinez,Women's Flyweight,3,38.27,38.27,Loopy Godinez,65.81,-4.08,4.08,3,Watch,-1,-220.0,1,1,1,,,0,train,NO_EDGE,1
2021-10-16,Norma Dumont,Aspen Ladd,Women's Featherweight,5,57.96,57.96,Norma Dumont,43.8,14.17,14.17,6,Max Value,1,120.0,1,0,0,,,1,train,CONFIRM_DOG,1
2021-10-23,Joselyne Edwards,Jessica-Rose Clark,Women's Bantamweight,3,49.81,49.81,Jessica-Rose Clark,57.11,-6.92,6.92,4,Value,-1,-145.0,1,1,1,,,1,train,NO_EDGE,1
2021-10-23,Livinha Souza,Randa Markos,Women's Strawweight,3,39.84,39.84,Randa Markos,44.74,15.42,15.42,6,Max Value,1,115.0,1,0,0,,,1,train,CONFIRM_DOG,0
2021-10-23,Tabatha Ricci,Maria Oliveira,Women's Strawweight,3,70.06,70.06,Tabatha Ricci,69.58,0.48,0.48,0,Lock,1,-265.0,1,1,1,,,1,train,CONFIRM_FAV,0
2021-10-30,Amanda Ribas,Virna Jandiroba,Women's Strawweight,3,62.76,62.76,Amanda Ribas,60.4,2.36,2.36,2,Lean,1,-165.0,1,1,1,,,1,train,CONFIRM_FAV,0
2021-11-06,Zhang Weili,Rose Namajunas,Women's Strawweight,5,38.98,38.98,Rose Namajunas,47.83,13.2,13.2,6,Max Value,1,100.0,1,0,0,,,1,train,CONFIRM_DOG,1
2021-11-13,Cortney Casey,Liana Jojua,Women's Flyweight,3,60.37,60.37,Cortney Casey,74.89,-14.53,14.53,6,Max Value,-1,-365.0,1,1,1,,,1,train,NO_EDGE,0
2021-11-13,Cynthia Calvillo,Andrea Lee,Women's Flyweight,3,47.71,47.71,Andrea Lee,47.83,4.46,4.46,3,Watch,1,100.0,1,0,0,,,1,train,CONFIRM_DOG,0
2021-11-13,Felicia Spencer,Leah Letson,Women's Featherweight,3,52.21,52.21,Felicia Spencer,74.89,-22.68,22.68,6,Max Value,-1,-365.0,1,1,1,,,1,train,NO_EDGE,0
2021-11-20,Luana Pinheiro,Sam Hughes,Women's Strawweight,3,64.77,64.77,Luana Pinheiro,75.54,-10.76,10.76,6,Max Value,-1,-380.0,1,1,1,,,1,train,NO_EDGE,0
2021-11-20,Loopy Godinez,Loma Lookboonmee,Women's Strawweight,3,61.23,61.23,Loopy Godinez,57.98,3.25,3.25,3,Watch,1,-150.0,1,1,1,,,1,train,CONFIRM_FAV,1
2021-11-20,Taila Santos,Joanne Wood,Women's Flyweight,3,65.58,65.58,Taila Santos,77.27,-11.7,11.7,6,Max Value,-1,-425.0,1,1,1,,,1,train,NO_EDGE,1
2021-11-20,Miesha Tate,Ketlen Vieira,Women's Bantamweight,5,38.91,38.91,Ketlen Vieira,47.83,13.26,13.26,6,Max Value,1,100.0,1,0,0,,,1,train,CONFIRM_DOG,1
2021-12-04,Cheyanne Vlismas,Mallory Martin,Women's Strawweight,3,70.37,70.37,Cheyanne Vlismas,63.01,7.36,7.36,4,Value,1,-190.0,1,1,1,,,1,train,CONFIRM_FAV,0
2021-12-11,Priscila Cachoeira,Gillian Robertson,Women's Flyweight,3,18.930000000000007,18.930000000000007,Gillian Robertson,74.21,6.86,6.86,4,Value,1,-350.0,1,1,1,,,1,train,CONFIRM_FAV,1
2021-12-11,Erin Blanchfield,Miranda Maverick,Women's Flyweight,3,63.12,63.12,Erin Blanchfield,42.02,21.11,21.11,6,Max Value,1,130.0,1,0,0,,,1,train,CONFIRM_DOG,1
2021-12-11,Julianna Pena,Amanda Nunes,Women's Bantamweight,5,30.92,30.92,Amanda Nunes,88.02,-18.94,18.94,6,Max Value,-1,-1125.0,1,1,1,,,0,train,NO_EDGE,1
2021-12-18,Macy Chiasson,Raquel Pennington,Women's Featherweight,3,44.51,44.51,Raquel Pennington,55.26,0.23,0.23,0,Lock,1,-135.0,1,1,1,,,1,train,CONFIRM_FAV,1
2021-12-18,Sijara Eubanks,Melissa Gatto,Women's Flyweight,3,40.1,40.1,Melissa Gatto,39.6,20.3,20.3,6,Max Value,1,145.0,1,0,0,,,1,train,CONFIRM_DOG,0
2021-12-18,Amanda Lemos,Angela Hill,Women's Strawweight,3,69.35,69.35,Amanda Lemos,71.05,-1.7,1.7,1,Strong,-1,-290.0,1,1,1,,,1,train,NO_EDGE,0
2022-01-15,Jennifer Maia,Katlyn Chookagian,Women's Flyweight,3,31.75,31.75,Katlyn Chookagian,65.07,3.18,3.18,3,Watch,1,-210.0,1,1,1,,,1,train,CONFIRM_FAV,1
2022-01-22,Jasmine Jasudavicius,Kay Hansen,Women's Flyweight,3,62.26,62.26,Jasmine Jasudavicius,36.99,25.27,25.27,6,Max Value,1,160.0,1,0,0,,,1,train,CONFIRM_DOG,1
2022-01-22,Vanessa Demopoulos,Silvana Gomez Juarez,Women's Strawweight,3,59.73,59.73,Vanessa Demopoulos,57.45,2.29,2.29,2,Lean,1,-150.0,1,1,1,,,1,train,CONFIRM_FAV,1
2022-02-12,Casey O'Neill,Roxanne Modafferi,Women's Flyweight,3,85.92,85.92,Casey O'Neill,74.21,11.7,11.7,6,Max Value,1,-350.0,1,1,1,,,1,train,CONFIRM_FAV,1
2022-02-19,Gloria de Paula,Diana Belbita,Women's Strawweight,3,65.50999999999999,65.50999999999999,Gloria de Paula,46.75,18.76,18.76,6,Max Value,1,105.0,1,0,0,,,1,train,CONFIRM_DOG,1
2022-02-19,Stephanie Egger,Jessica-Rose Clark,Women's Bantamweight,3,59.59,59.59,Stephanie Egger,39.6,19.99,19.99,6,Max Value,1,145.0,1,0,0,,,1,train,CONFIRM_DOG,1
2022-02-26,Ramona Pascual,Josiane Nunes,Women's Featherweight,3,28.620000000000005,28.620000000000005,Josiane Nunes,71.91,-0.54,0.54,0,Lock,-1,-305.0,1,1,1,,,1,train,NO_EDGE,1
2022-02-26,Ji Yeon Kim,Priscila Cachoeira,Women's Flyweight,3,42.51,42.51,Priscila Cachoeira,37.89,19.6,19.6,6,Max Value,1,155.0,1,0,0,,,1,train,CONFIRM_DOG,0
2022-03-05,Maryna Moroz,Mariya Agapova,Women's Flyweight,3,51.17,51.17,Maryna Moroz,39.6,11.57,11.57,6,Max Value,1,145.0,1,0,0,,,1,train,CONFIRM_DOG,0
2022-03-05,Yan Xiaonan,Marina Rodriguez,Women's Strawweight,3,50.01,50.01,Yan Xiaonan,28.09,21.92,21.92,6,Max Value,1,240.0,1,0,0,,,0,train,CONFIRM_DOG,1
2022-03-12,Miranda Maverick,Sabina Mazo,Women's Flyweight,3,70.43,70.43,Miranda Maverick,74.89,-4.47,4.47,3,Watch,-1,-365.0,1,1,1,,,1,train,NO_EDGE,1
2022-03-12,JJ Aldrich,Gillian Robertson,Women's Flyweight,3,48.26,48.26,Gillian Robertson,52.17,-0.43,0.43,0,Lock,-1,-120.0,1,1,1,,,0,train,NO_EDGE,0
2022-03-19,Cory McKenna,Elise Reed,Women's Strawweight,3,52.99,52.99,Cory McKenna,71.53,-18.54,18.54,6,Max Value,-1,-300.0,1,1,1,,,0,train,NO_EDGE,0
2022-03-19,Molly McCann,Luana Carolina,Women's Flyweight,3,59.18,59.18,Molly McCann,56.2,2.97,2.97,2,Lean,1,-140.0,1,1,1,,,1,train,CONFIRM_FAV,0
2022-03-26,Joanne Wood,Alexa Grasso,Women's Flyweight,3,36.37,36.37,Alexa Grasso,71.91,-8.28,8.28,5,Strong Value,-1,-305.0,1,1,1,,,1,train,NO_EDGE,0
2022-03-26,Manon Fiorot,Jennifer Maia,Women's Flyweight,3,76.91,76.91,Manon Fiorot,79.88,-2.97,2.97,2,Lean,-1,-510.0,1,1,1,,,1,train,NO_EDGE,1
2022-03-26,Karol Rosa,Sara McMann,Women's Bantamweight,3,35.81,35.81,Sara McMann,29.88,34.31,34.31,6,Max Value,1,220.0,1,0,0,,,1,train,CONFIRM_DOG,1
2022-04-09,Mackenzie Dern,Tecia Torres,Women's Strawweight,3,52.62,52.62,Mackenzie Dern,53.25,-0.62,0.62,0,Lock,-1,-125.0,1,1,1,,,1,train,NO_EDGE,0
2022-04-09,Raquel Pennington,Aspen Ladd,Women's Bantamweight,3,60.81,60.81,Raquel Pennington,58.82,1.98,1.98,1,Strong,1,-155.0,1,1,1,,,1,train,CONFIRM_FAV,1
2022-04-09,Piera Rodriguez,Kay Hansen,Women's Strawweight,3,69.45,69.45,Piera Rodriguez,53.25,16.21,16.21,6,Max Value,1,-125.0,1,1,1,,,1,train,CONFIRM_FAV,0
2022-04-16,Istela Nunes,Sam Hughes,Women's Strawweight,3,32.36,32.36,Sam Hughes,32.44,35.2,35.2,6,Max Value,1,195.0,1,0,0,,,1,train,CONFIRM_DOG,0
2022-04-16,Lina Lansberg,Pannie Kianzad,Women's Bantamweight,3,34.22,34.22,Pannie Kianzad,80.29,-14.51,14.51,6,Max Value,-1,-525.0,1,1,1,,,1,train,NO_EDGE,0
2022-04-23,Montana De La Rosa,Maycee Barber,Women's Flyweight,3,27.209999999999994,27.209999999999994,Maycee Barber,62.11,10.68,10.68,6,Max Value,1,-180.0,1,1,1,,,1,train,CONFIRM_FAV,1
2022-04-23,Amanda Lemos,Jessica Andrade,Women's Strawweight,5,34.54,34.54,Jessica Andrade,67.04,-1.58,1.58,1,Strong,-1,-235.0,1,1,1,,,1,train,NO_EDGE,0
2022-04-30,Shanna Young,Gina Mazany,Women's Flyweight,3,44.75,44.75,Gina Mazany,64.29,-9.04,9.04,5,Strong Value,-1,-200.0,1,1,1,,,0,train,NO_EDGE,1
2022-05-07,Ariane Carnelossi,Loopy Godinez,Women's Strawweight,3,23.18,23.18,Loopy Godinez,63.66,13.16,13.16,6,Max Value,1,-195.0,1,1,1,,,1,train,CONFIRM_FAV,0
2022-05-07,Tracy Cortez,Melissa Gatto,Women's Flyweight,3,64.24,64.24,Tracy Cortez,53.25,10.99,10.99,6,Max Value,1,-125.0,1,1,1,,,1,train,CONFIRM_FAV,0
2022-05-07,Norma Dumont,Macy Chiasson,Women's Featherweight,3,47.04,47.04,Macy Chiasson,34.19,18.77,18.77,6,Max Value,1,180.0,1,0,0,,,1,train,CONFIRM_DOG,1
2022-05-07,Rose Namajunas,Carla Esparza,Women's Strawweight,5,50.08,50.08,Rose Namajunas,67.04,-16.96,16.96,6,Max Value,-1,-235.0,1,1,1,,,0,train,NO_EDGE,0
2022-05-14,Virna Jandiroba,Angela Hill,Women's Strawweight,3,68.57,68.57,Virna Jandiroba,66.36,2.21,2.21,2,Lean,1,-225.0,1,1,1,,,1,train,CONFIRM_FAV,0
2022-05-14,Amanda Ribas,Katlyn Chookagian,Women's Flyweight,3,50.68,50.68,Amanda Ribas,37.89,12.79,12.79,6,Max Value,1,155.0,1,0,0,,,0,train,CONFIRM_DOG,1
2022-05-14,Andrea Lee,Viviane Araujo,Women's Flyweight,3,48.14,48.14,Viviane Araujo,44.74,7.12,7.12,4,Value,1,115.0,1,0,0,,,1,train,CONFIRM_DOG,1
2022-05-21,Sam Hughes,Elise Reed,Women's Strawweight,3,56.89,56.89,Sam Hughes,43.8,13.09,13.09,6,Max Value,1,120.0,1,0,0,,,1,train,CONFIRM_DOG,1
2022-05-21,Tabatha Ricci,Polyana Viana,Women's Strawweight,3,68.53,68.53,Tabatha Ricci,54.27,14.25,14.25,6,Max Value,1,-130.0,1,1,1,,,1,train,CONFIRM_FAV,1
2022-05-21,Ketlen Vieira,Holly Holm,Women's Bantamweight,5,61.68,61.68,Ketlen Vieira,34.19,27.49,27.49,6,Max Value,1,180.0,1,0,0,,,1,train,CONFIRM_DOG,1
2022-06-04,Karine Silva,Poliana Botelho,Women's Flyweight,3,54.67,54.67,Karine Silva,53.25,1.43,1.43,1,Strong,1,-125.0,1,1,1,,,1,train,CONFIRM_FAV,0
2022-06-04,JJ Aldrich,Erin Blanchfield,Women's Flyweight,3,33.040000000000006,33.040000000000006,Erin Blanchfield,78.8,-11.84,11.84,6,Max Value,-1,-475.0,1,1,1,,,1,train,NO_EDGE,1
2022-06-04,Karolina Kowalkiewicz,Felice Herrig,Women's Strawweight,3,61.66,61.66,Karolina Kowalkiewicz,48.92,12.74,12.74,6,Max Value,1,-105.0,1,0,0,,,1,train,CONFIRM_DOG,1
2022-06-11,Valentina Shevchenko,Taila Santos,Women's Flyweight,5,69.89,69.89,Valentina Shevchenko,82.6,-12.7,12.7,6,Max Value,-1,-630.0,1,1,1,,,1,train,NO_EDGE,0
2022-06-11,Joanna Jedrzejczyk,Zhang Weili,Women's Strawweight,3,38.02,38.02,Zhang Weili,59.63,2.35,2.35,2,Lean,1,-160.0,1,1,1,,,1,train,CONFIRM_FAV,1
2022-06-18,Maria Oliveira,Gloria de Paula,Women's Strawweight,3,43.58,43.58,Gloria de Paula,71.17,-14.75,14.75,6,Max Value,-1,-280.0,1,1,1,,,0,train,NO_EDGE,0
2022-06-18,Natalia Silva,Jasmine Jasudavicius,Women's Flyweight,3,63.41,63.41,Natalia Silva,30.2,33.21,33.21,6,Max Value,1,220.0,1,0,0,,,1,train,CONFIRM_DOG,1
2022-06-25,Jinh Yu Frey,Vanessa Demopoulos,Women's Strawweight,3,45.61,45.61,Vanessa Demopoulos,32.08,22.32,22.32,6,Max Value,1,200.0,1,0,0,,,1,train,CONFIRM_DOG,1
2022-07-02,Jessica-Rose Clark,Julija Stoliarenko,Women's Bantamweight,3,46.67,46.67,Julija Stoliarenko,41.18,12.15,12.15,6,Max Value,1,135.0,1,0,0,,,1,train,CONFIRM_DOG,0
2022-07-02,Jessica Eye,Maycee Barber,Women's Flyweight,3,23.28,23.28,Maycee Barber,73.21,3.51,3.51,3,Watch,1,-315.0,1,1,1,,,1,train,CONFIRM_FAV,0
2022-07-09,Antonina Shevchenko,Cortney Casey,Women's Flyweight,3,69.21,69.21,Antonina Shevchenko,62.11,7.09,7.09,4,Value,1,-180.0,1,1,1,,,1,train,CONFIRM_FAV,0
2022-07-16,Jessica Penne,Emily Ducote,Women's Strawweight,3,30.26,30.26,Emily Ducote,60.67,9.07,9.07,5,Strong Value,1,-170.0,1,1,1,,,1,train,CONFIRM_FAV,0
2022-07-16,Lauren Murphy,Miesha Tate,Women's Flyweight,3,50.5,50.5,Lauren Murphy,35.11,15.39,15.39,6,Max Value,1,175.0,1,0,0,,,1,train,CONFIRM_DOG,0
2022-07-16,Amanda Lemos,Michelle Waterson-Gomez,Women's Strawweight,3,66.46000000000001,66.46000000000001,Amanda Lemos,73.21,-6.75,6.75,4,Value,-1,-315.0,1,1,1,,,1,train,NO_EDGE,1
2022-07-23,Victoria Leonardo,Mandy Bohm,Women's Flyweight,3,62.77,62.77,Victoria Leonardo,50.0,12.77,12.77,6,Max Value,1,-110.0,1,0,0,,,1,train,CONFIRM_DOG,1
2022-07-23,Molly McCann,Hannah Goldy,Women's Flyweight,3,63.79,63.79,Molly McCann,79.43,-15.64,15.64,6,Max Value,-1,-460.0,1,1,1,,,1,train,NO_EDGE,0
2022-07-30,Joselyne Edwards,Ji Yeon Kim,Women's Bantamweight,3,69.71,69.71,Joselyne Edwards,52.17,17.54,17.54,6,Max Value,1,-120.0,1,1,1,,,1,train,CONFIRM_FAV,0
2022-07-30,Julianna Pena,Amanda Nunes,Women's Bantamweight,5,24.83,24.83,Amanda Nunes,68.41,6.76,6.76,4,Value,1,-245.0,1,1,1,,,1,train,CONFIRM_FAV,0
2022-08-06,Juliana Miller,Brogan Walker,Women's Flyweight,3,73.77,73.77,Juliana Miller,56.2,17.57,17.57,6,Max Value,1,-140.0,1,1,1,,,1,train,CONFIRM_FAV,1
2022-08-06,Stephanie Egger,Mayra Bueno Silva,Women's Bantamweight,3,43.25,43.25,Mayra Bueno Silva,47.83,8.93,8.93,5,Strong Value,1,100.0,1,0,0,,,1,train,CONFIRM_DOG,1
2022-08-06,Cory McKenna,Miranda Granger,Women's Strawweight,3,75.36,75.36,Cory McKenna,63.66,11.7,11.7,6,Max Value,1,-195.0,1,1,1,,,1,train,CONFIRM_FAV,0
2022-08-13,Iasmin Lucindo,Yazmin Jauregui,Women's Strawweight,3,47.33,47.33,Yazmin Jauregui,65.48,-12.81,12.81,6,Max Value,-1,-210.0,1,1,1,,,1,train,NO_EDGE,1
2022-08-13,Cynthia Calvillo,Nina Nunes,Women's Flyweight,3,39.4,39.4,Nina Nunes,36.99,23.61,23.61,6,Max Value,1,160.0,1,0,0,,,1,train,CONFIRM_DOG,0
2022-08-13,Priscila Cachoeira,Ariane Lipski,Women's Bantamweight,3,52.0,52.0,Priscila Cachoeira,33.95,18.04,18.04,6,Max Value,1,185.0,1,0,0,,,1,train,CONFIRM_DOG,0
2022-08-20,Lucie Pudilova,Wu Yanan,Women's Bantamweight,3,47.15,47.15,Wu Yanan,42.89,9.96,9.96,5,Strong Value,1,125.0,1,0,0,,,0,train,CONFIRM_DOG,1
2022-09-03,Stephanie Egger,Ailin Perez,Women's Featherweight,3,41.25,41.25,Ailin Perez,30.2,28.55,28.55,6,Max Value,1,220.0,1,0,0,,,0,train,CONFIRM_DOG,0
2022-09-10,Norma Dumont,Danyelle Wolf,Women's Featherweight,3,82.47,82.47,Norma Dumont,75.56,6.91,6.91,4,Value,1,-360.0,1,1,1,,,1,train,CONFIRM_FAV,0
2022-09-10,Elise Reed,Melissa Martinez,Women's Strawweight,3,60.14,60.14,Elise Reed,38.6,21.55,21.55,6,Max Value,1,150.0,1,0,0,,,1,train,CONFIRM_DOG,1
2022-09-17,Mariya Agapova,Gillian Robertson,Women's Flyweight,3,31.72,31.72,Gillian Robertson,58.82,9.46,9.46,5,Strong Value,1,-155.0,1,1,1,,,1,train,CONFIRM_FAV,0
2022-09-17,Denise Gomes,Loma Lookboonmee,Women's Strawweight,3,38.31,38.31,Loma Lookboonmee,64.29,-2.59,2.59,2,Lean,-1,-200.0,1,1,1,,,1,train,NO_EDGE,0
2022-10-01,Mackenzie Dern,Yan Xiaonan,Women's Strawweight,5,38.17,38.17,Yan Xiaonan,30.2,31.63,31.63,6,Max Value,1,220.0,1,0,0,,,1,train,CONFIRM_DOG,0
2022-10-15,Sam Hughes,Piera Rodriguez,Women's Strawweight,3,26.939999999999998,26.939999999999998,Piera Rodriguez,62.11,10.95,10.95,6,Max Value,1,-180.0,1,1,1,,,1,train,CONFIRM_FAV,1
2022-10-15,Alexa Grasso,Viviane Araujo,Women's Flyweight,5,68.08,68.08,Alexa Grasso,65.48,2.6,2.6,2,Lean,1,-210.0,1,1,1,,,1,train,CONFIRM_FAV,0
2022-10-22,Lina Lansberg,Karol Rosa,Women's Bantamweight,3,28.86,28.86,Karol Rosa,78.08,-6.93,6.93,4,Value,-1,-425.0,1,1,1,,,1,train,NO_EDGE,1
2022-10-22,Manon Fiorot,Katlyn Chookagian,Women's Flyweight,3,70.64,70.64,Manon Fiorot,66.75,3.89,3.89,3,Watch,1,-225.0,1,1,1,,,1,train,CONFIRM_FAV,1
2022-11-05,Tamires Vidal,Ramona Pascual,Women's Bantamweight,3,59.15,59.15,Tamires Vidal,53.25,5.91,5.91,4,Value,1,-125.0,1,1,1,,,1,train,CONFIRM_FAV,0
2022-11-05,Jinh Yu Frey,Polyana Viana,Women's Strawweight,3,31.299999999999997,31.299999999999997,Polyana Viana,57.11,11.59,11.59,6,Max Value,1,-145.0,1,1,1,,,1,train,CONFIRM_FAV,1
2022-11-05,Shanna Young,Miranda Maverick,Women's Flyweight,3,19.489999999999995,19.489999999999995,Miranda Maverick,86.23,-5.73,5.73,4,Value,-1,-850.0,1,1,1,,,1,train,NO_EDGE,1
2022-11-05,Marina Rodriguez,Amanda Lemos,Women's Strawweight,5,39.38,39.38,Amanda Lemos,31.59,29.03,29.03,6,Max Value,1,205.0,1,0,0,,,1,train,CONFIRM_DOG,0
2022-11-12,Karolina Kowalkiewicz,Silvana Gomez Juarez,Women's Strawweight,3,67.59,67.59,Karolina Kowalkiewicz,50.0,17.59,17.59,6,Max Value,1,-110.0,1,1,1,,,1,train,CONFIRM_FAV,0
2022-11-12,Erin Blanchfield,Molly McCann,Women's Flyweight,3,70.17,70.17,Erin Blanchfield,78.08,-7.91,7.91,4,Value,-1,-425.0,1,1,1,,,1,train,NO_EDGE,0
2022-11-19,Jennifer Maia,Maryna Moroz,Women's Flyweight,3,56.87,56.87,Jennifer Maia,42.02,14.85,14.85,6,Max Value,1,130.0,1,0,0,,,1,train,CONFIRM_DOG,0
2022-11-19,Tereza Bleda,Natalia Silva,Women's Flyweight,3,41.42,41.42,Natalia Silva,59.91,-1.33,1.33,1,Strong,-1,-165.0,1,1,1,,,1,train,NO_EDGE,1
2022-11-19,Maria Oliveira,Vanessa Demopoulos,Women's Strawweight,3,43.73,43.73,Vanessa Demopoulos,50.0,6.27,6.27,4,Value,1,-110.0,1,1,1,,,1,train,CONFIRM_FAV,1
2022-12-03,Istela Nunes,Yazmin Jauregui,Women's Strawweight,3,26.590000000000003,26.590000000000003,Yazmin Jauregui,75.21,-1.8,1.8,1,Strong,-1,-350.0,1,1,1,,,1,train,NO_EDGE,1
2022-12-03,Angela Hill,Emily Ducote,Women's Strawweight,3,63.52,63.52,Angela Hill,45.73,17.79,17.79,6,Max Value,1,110.0,1,0,0,,,1,train,CONFIRM_DOG,0
2022-12-17,Cheyanne Vlismas,Cory McKenna,Women's Strawweight,3,37.39,37.39,Cory McKenna,36.99,25.62,25.62,6,Max Value,1,160.0,1,0,0,,,1,train,CONFIRM_DOG,0
2023-01-14,Ketlen Vieira,Raquel Pennington,Women's Bantamweight,3,38.82,38.82,Raquel Pennington,42.02,19.16,19.16,6,Max Value,1,130.0,1,0,0,,,1,train,CONFIRM_DOG,0
2023-01-21,Josiane Nunes,Zarah Fairn,Women's Featherweight,3,77.06,77.06,Josiane Nunes,81.44,-4.38,4.38,3,Watch,-1,-540.0,1,1,1,,,1,train,NO_EDGE,0
2023-01-21,Jessica Andrade,Lauren Murphy,Women's Flyweight,3,74.25,74.25,Jessica Andrade,80.27,-6.03,6.03,4,Value,-1,-490.0,1,1,1,,,1,train,NO_EDGE,1
2023-02-11,Elise Reed,Loma Lookboonmee,Women's Strawweight,3,27.03,27.03,Loma Lookboonmee,74.9,-1.93,1.93,1,Strong,-1,-345.0,1,1,1,,,1,train,NO_EDGE,1
2023-02-18,Erin Blanchfield,Jessica Andrade,Women's Flyweight,5,55.97,55.97,Erin Blanchfield,47.83,8.15,8.15,5,Strong Value,1,100.0,1,0,0,,,1,train,CONFIRM_DOG,1
2023-02-18,Lina Lansberg,Mayra Bueno Silva,Women's Bantamweight,3,33.11,33.11,Mayra Bueno Silva,80.27,-13.39,13.39,6,Max Value,-1,-490.0,1,1,1,,,1,train,NO_EDGE,0
2023-02-25,Gabriella Fernandes,Jasmine Jasudavicius,Women's Flyweight,3,30.709999999999994,30.709999999999994,Jasmine Jasudavicius,46.75,22.54,22.54,6,Max Value,1,105.0,1,0,0,,,1,train,CONFIRM_DOG,1
2023-02-25,Tatiana Suarez,Montana De La Rosa,Women's Flyweight,3,78.14,78.14,Tatiana Suarez,85.15,-7.02,7.02,4,Value,-1,-750.0,1,1,1,,,1,train,NO_EDGE,0
2023-03-04,Alexa Grasso,Valentina Shevchenko,Women's Flyweight,5,42.57,42.57,Valentina Shevchenko,82.5,-25.07,25.07,6,Max Value,-1,-600.0,1,1,1,,,0,train,NO_EDGE,1
2023-03-04,Tabatha Ricci,Jessica Penne,Women's Strawweight,3,82.61,82.61,Tabatha Ricci,67.28,15.34,15.34,6,Max Value,1,-230.0,1,1,1,,,1,train,CONFIRM_FAV,1
2023-03-04,Amanda Ribas,Viviane Araujo,Women's Flyweight,3,74.85,74.85,Amanda Ribas,54.27,20.58,20.58,6,Max Value,1,-130.0,1,1,1,,,1,train,CONFIRM_FAV,1
2023-03-18,Jennifer Maia,Casey O'Neill,Women's Flyweight,3,47.25,47.25,Casey O'Neill,62.2,-9.45,9.45,5,Strong Value,-1,-184.0,1,1,1,,,0,train,NO_EDGE,0
2023-03-18,Juliana Miller,Veronica Hardy,Women's Flyweight,3,40.98,40.98,Veronica Hardy,25.28,33.74,33.74,6,Max Value,1,280.0,1,0,0,,,1,train,CONFIRM_DOG,0
2023-03-18,Luana Carolina,Joanne Wood,Women's Flyweight,3,41.05,41.05,Joanne Wood,67.01,-8.06,8.06,5,Strong Value,-1,-245.0,1,1,1,,,1,train,NO_EDGE,1
2023-03-25,Yana Santos,Holly Holm,Women's Bantamweight,3,33.69,33.69,Holly Holm,68.06,-1.74,1.74,1,Strong,-1,-245.0,1,1,1,,,1,train,NO_EDGE,1
2023-03-25,Andrea Lee,Maycee Barber,Women's Flyweight,3,25.13,25.13,Maycee Barber,70.02,4.85,4.85,3,Watch,1,-270.0,1,1,1,,,1,train,CONFIRM_FAV,0
2023-04-08,Luana Pinheiro,Michelle Waterson-Gomez,Women's Strawweight,3,64.87,64.87,Luana Pinheiro,58.57,6.3,6.3,4,Value,1,-156.0,1,1,1,,,1,train,CONFIRM_FAV,1
2023-04-08,Jaqueline Amorim,Sam Hughes,Women's Strawweight,3,41.14,41.14,Sam Hughes,29.98,28.88,28.88,6,Max Value,1,220.0,1,0,0,,,1,train,CONFIRM_DOG,0
2023-04-08,Cynthia Calvillo,Loopy Godinez,Women's Strawweight,3,27.98,27.98,Loopy Godinez,69.01,3.01,3.01,3,Watch,1,-255.0,1,1,1,,,1,train,CONFIRM_FAV,0
2023-04-15,Denise Gomes,Bruna Brasil,Women's Strawweight,3,71.15,71.15,Denise Gomes,41.43,29.72,29.72,6,Max Value,1,132.0,1,0,0,,,1,train,CONFIRM_DOG,1
2023-04-15,Piera Rodriguez,Gillian Robertson,Women's Strawweight,3,45.39,45.39,Gillian Robertson,53.7,0.91,0.91,0,Lock,1,-126.0,1,1,1,,,1,train,CONFIRM_FAV,1
2023-04-15,Joselyne Edwards,Lucie Pudilova,Women's Bantamweight,3,66.96,66.96,Joselyne Edwards,44.93,22.03,22.03,6,Max Value,1,114.0,1,0,0,,,1,train,CONFIRM_DOG,0
2023-04-22,Norma Dumont,Karol Rosa,Women's Featherweight,3,67.91,67.91,Norma Dumont,51.54,16.37,16.37,6,Max Value,1,-116.0,1,0,0,,,1,train,CONFIRM_DOG,1
2023-04-22,Brogan Walker,Iasmin Lucindo,Women's Flyweight,3,16.709999999999994,16.709999999999994,Iasmin Lucindo,75.95,7.34,7.34,4,Value,1,-375.0,1,1,1,,,1,train,CONFIRM_FAV,1
2023-04-29,Hailey Cowan,Jamey-Lyn Horth,Women's Bantamweight,3,29.6,29.6,Jamey-Lyn Horth,59.65,10.75,10.75,6,Max Value,1,-164.0,1,1,1,,,1,train,CONFIRM_FAV,0
2023-04-29,Stephanie Egger,Irina Alekseeva,Women's Bantamweight,3,53.4,53.4,Stephanie Egger,74.72,-21.32,21.32,6,Max Value,-1,-350.0,1,1,1,,,0,train,NO_EDGE,0
2023-05-06,Marina Rodriguez,Virna Jandiroba,Women's Strawweight,3,35.46,35.46,Virna Jandiroba,47.58,16.96,16.96,6,Max Value,1,102.0,1,0,0,,,1,train,CONFIRM_DOG,0
2023-05-13,Jessica-Rose Clark,Tainara Lisboa,Women's Bantamweight,3,40.87,40.87,Tainara Lisboa,51.54,7.59,7.59,4,Value,1,-116.0,1,0,0,,,1,train,CONFIRM_DOG,0
2023-05-13,Mandy Bohm,Ji Yeon Kim,Women's Flyweight,3,61.0,61.0,Mandy Bohm,32.22,28.77,28.77,6,Max Value,1,198.0,1,0,0,,,1,train,CONFIRM_DOG,1
2023-05-20,Victoria Leonardo,Natalia Silva,Women's Flyweight,3,23.299999999999997,23.299999999999997,Natalia Silva,87.08,-10.38,10.38,6,Max Value,-1,-1200.0,1,1,1,,,1,train,NO_EDGE,1
2023-05-20,Karolina Kowalkiewicz,Vanessa Demopoulos,Women's Strawweight,3,67.89,67.89,Karolina Kowalkiewicz,56.71,11.18,11.18,6,Max Value,1,-144.0,1,1,1,,,1,train,CONFIRM_FAV,0
2023-05-20,Mackenzie Dern,Angela Hill,Women's Strawweight,5,62.62,62.62,Mackenzie Dern,59.34,3.29,3.29,3,Watch,1,-162.0,1,1,1,,,1,train,CONFIRM_FAV,0
2023-06-03,Jinh Yu Frey,Elise Reed,Women's Strawweight,3,29.810000000000002,29.810000000000002,Elise Reed,54.67,15.52,15.52,6,Max Value,1,-132.0,1,1,1,,,1,train,CONFIRM_FAV,1
2023-06-03,Karine Silva,Ketlen Souza,Women's Flyweight,3,65.62,65.62,Karine Silva,65.65,-0.02,0.02,0,Lock,-1,-215.0,1,1,1,,,1,train,NO_EDGE,0
2023-06-10,Irene Aldana,Amanda Nunes,Women's Bantamweight,5,15.379999999999995,15.379999999999995,Amanda Nunes,74.02,10.6,10.6,6,Max Value,1,-335.0,1,1,1,,,1,train,CONFIRM_FAV,1
2023-06-10,Maria Oliveira,Diana Belbita,Women's Strawweight,3,37.86,37.86,Diana Belbita,55.95,6.2,6.2,4,Value,1,-146.0,1,1,1,,,1,train,CONFIRM_FAV,1
2023-06-10,Jasmine Jasudavicius,Miranda Maverick,Women's Flyweight,3,51.36,51.36,Jasmine Jasudavicius,32.65,18.7,18.7,6,Max Value,1,194.0,1,0,0,,,1,train,CONFIRM_DOG,1
2023-06-17,Gabriella Fernandes,Tereza Bleda,Women's Flyweight,3,23.909999999999997,23.909999999999997,Tereza Bleda,67.35,8.75,8.75,5,Strong Value,1,-235.0,1,1,1,,,1,train,CONFIRM_FAV,1
2023-06-24,Gillian Robertson,Tabatha Ricci,Women's Strawweight,3,41.79,41.79,Tabatha Ricci,54.67,3.54,3.54,3,Watch,1,-138.0,1,1,1,,,1,train,CONFIRM_FAV,1
2023-06-24,Maycee Barber,Amanda Ribas,Women's Flyweight,3,63.18,63.18,Maycee Barber,35.89,27.29,27.29,6,Max Value,1,168.0,1,0,0,,,1,train,CONFIRM_DOG,1
2023-07-15,Ailin Perez,Ashlee Evans-Smith,Women's Bantamweight,3,81.41,81.41,Ailin Perez,69.01,12.4,12.4,6,Max Value,1,-255.0,1,1,1,,,1,train,CONFIRM_FAV,1
2023-07-15,Viktoriia Dudakova,Istela Nunes,Women's Strawweight,3,71.3,71.3,Viktoriia Dudakova,64.11,7.18,7.18,4,Value,1,-200.0,1,1,1,,,1,train,CONFIRM_FAV,0
2023-07-15,Norma Dumont,Chelsea Chandler,Women's Featherweight,3,80.77,80.77,Norma Dumont,56.35,24.42,24.42,6,Max Value,1,-142.0,1,1,1,,,1,train,CONFIRM_FAV,0
2023-07-22,Molly McCann,Julija Stoliarenko,Women's Flyweight,3,50.03,50.03,Molly McCann,64.89,-14.87,14.87,6,Max Value,-1,-205.0,1,1,1,,,0,train,NO_EDGE,0
2023-07-22,Ketlen Vieira,Pannie Kianzad,Women's Bantamweight,3,69.52,69.52,Ketlen Vieira,58.82,10.7,10.7,6,Max Value,1,-155.0,1,1,1,,,1,train,CONFIRM_FAV,0
2023-07-22,Bruna Brasil,Shauna Bannon,Women's Strawweight,3,63.98,63.98,Bruna Brasil,57.11,6.87,6.87,4,Value,1,-145.0,1,1,1,,,1,train,CONFIRM_FAV,1
2023-08-05,Tatiana Suarez,Jessica Andrade,Women's Strawweight,3,74.24,74.24,Tatiana Suarez,75.72,-1.48,1.48,1,Strong,-1,-375.0,1,1,1,,,1,train,NO_EDGE,1
2023-08-12,Jaqueline Amorim,Montserrat Conejo Ruiz,Women's Strawweight,3,70.21,70.21,Jaqueline Amorim,68.06,2.16,2.16,2,Lean,1,-245.0,1,1,1,,,1,train,CONFIRM_FAV,0
2023-08-12,Iasmin Lucindo,Polyana Viana,Women's Strawweight,3,67.64,67.64,Iasmin Lucindo,63.69,3.95,3.95,3,Watch,1,-198.0,1,1,1,,,1,train,CONFIRM_FAV,1
2023-08-12,Juliana Miller,Luana Santos,Women's Flyweight,3,30.16,30.16,Luana Santos,57.21,12.63,12.63,6,Max Value,1,-148.0,1,1,1,,,1,train,CONFIRM_FAV,0
2023-08-19,Amanda Lemos,Zhang Weili,Women's Strawweight,5,29.439999999999998,29.439999999999998,Zhang Weili,72.58,-2.02,2.02,2,Lean,-1,-310.0,1,1,1,,,1,train,NO_EDGE,1
2023-08-26,Liang Na,JJ Aldrich,Women's Flyweight,3,27.37,27.37,JJ Aldrich,80.82,-8.19,8.19,5,Strong Value,-1,-535.0,1,1,1,,,1,train,NO_EDGE,0
2023-08-26,Taila Santos,Erin Blanchfield,Women's Flyweight,3,36.83,36.83,Erin Blanchfield,59.96,3.21,3.21,3,Watch,1,-166.0,1,1,1,,,1,train,CONFIRM_FAV,1
2023-09-02,Manon Fiorot,Rose Namajunas,Women's Flyweight,3,60.37,60.37,Manon Fiorot,63.69,-3.32,3.32,3,Watch,-1,-198.0,1,1,1,,,1,train,NO_EDGE,0
2023-09-02,Nora Cornolle,Joselyne Edwards,Women's Bantamweight,3,58.62,58.62,Nora Cornolle,44.86,13.76,13.76,6,Max Value,1,114.0,1,0,0,,,1,train,CONFIRM_DOG,0
2023-09-16,Tracy Cortez,Jasmine Jasudavicius,Women's Flyweight,3,64.32,64.32,Tracy Cortez,53.25,11.07,11.07,6,Max Value,1,-125.0,1,1,1,,,1,train,CONFIRM_FAV,0
2023-09-16,Elise Reed,Loopy Godinez,Women's Strawweight,3,24.739999999999995,24.739999999999995,Loopy Godinez,76.59,-1.33,1.33,1,Strong,-1,-395.0,1,1,1,,,1,train,NO_EDGE,1
2023-09-23,Marina Rodriguez,Michelle Waterson-Gomez,Women's Strawweight,3,67.62,67.62,Marina Rodriguez,73.8,-6.18,6.18,4,Value,-1,-360.0,1,1,1,,,1,train,NO_EDGE,0
2023-09-23,Tamires Vidal,Montserrat Rendon,Women's Bantamweight,3,34.3,34.3,Montserrat Rendon,32.5,33.21,33.21,6,Max Value,1,195.0,1,0,0,,,1,train,CONFIRM_DOG,0
2023-09-23,Mizuki,Hannah Goldy,Women's Strawweight,3,61.7,61.7,Mizuki,73.07,-11.37,11.37,6,Max Value,-1,-345.0,1,1,1,,,1,train,NO_EDGE,0
2023-10-14,Jennifer Maia,Viviane Araujo,Women's Flyweight,3,39.16,39.16,Viviane Araujo,42.79,18.04,18.04,6,Max Value,1,124.0,1,0,0,,,1,train,CONFIRM_DOG,0
2023-10-21,Viktoriia Dudakova,Jinh Yu Frey,Women's Strawweight,3,75.15,75.15,Viktoriia Dudakova,79.05,-3.9,3.9,3,Watch,-1,-520.0,1,1,1,,,1,train,NO_EDGE,0
2023-11-11,Loopy Godinez,Tabatha Ricci,Women's Strawweight,3,68.78,68.78,Loopy Godinez,65.71,3.06,3.06,3,Watch,1,-230.0,1,1,1,,,1,train,CONFIRM_FAV,1
2023-11-11,Jessica Andrade,Mackenzie Dern,Women's Strawweight,3,72.8,72.8,Jessica Andrade,31.46,41.34,41.34,6,Max Value,1,205.0,1,0,0,,,1,train,CONFIRM_DOG,0
2023-11-18,Lucie Pudilova,Ailin Perez,Women's Bantamweight,3,21.54,21.54,Ailin Perez,63.09,15.37,15.37,6,Max Value,1,-192.0,1,1,1,,,1,train,CONFIRM_FAV,0
2023-11-18,Luana Pinheiro,Amanda Ribas,Women's Strawweight,3,30.29,30.29,Amanda Ribas,68.54,1.17,1.17,1,Strong,1,-250.0,1,1,1,,,1,train,CONFIRM_FAV,0
2023-12-09,Talita Alencar,Rayanne dos Santos,Women's Strawweight,3,71.65,71.65,Talita Alencar,40.66,30.99,30.99,6,Max Value,1,136.0,1,0,0,,,1,train,CONFIRM_DOG,1
2023-12-09,Stephanie Egger,Luana Santos,Women's Bantamweight,3,31.980000000000004,31.980000000000004,Luana Santos,58.3,9.72,9.72,5,Strong Value,1,-155.0,1,1,1,,,1,train,CONFIRM_FAV,1
2024-01-20,Jasmine Jasudavicius,Priscila Cachoeira,Women's Bantamweight,3,77.67,77.67,Jasmine Jasudavicius,77.68,-0.02,0.02,0,Lock,-1,-425.0,1,1,1,,,1,test,NO_EDGE,0
2024-01-20,Gillian Robertson,Polyana Viana,Women's Strawweight,3,72.06,72.06,Gillian Robertson,71.8,0.27,0.27,0,Lock,1,-298.0,1,1,1,,,1,test,CONFIRM_FAV,0
2024-01-20,Mayra Bueno Silva,Raquel Pennington,Women's Bantamweight,5,37.46,37.46,Raquel Pennington,39.62,22.92,22.92,6,Max Value,1,142.0,1,0,0,,,1,test,CONFIRM_DOG,1
2024-02-03,Viviane Araujo,Natalia Silva,Women's Flyweight,3,24.74,24.74,Natalia Silva,74.09,1.17,1.17,1,Strong,1,-340.0,1,1,1,,,1,test,CONFIRM_FAV,0
2024-02-17,Mackenzie Dern,Amanda Lemos,Women's Strawweight,3,43.6,43.6,Amanda Lemos,59.34,-2.94,2.94,2,Lean,-1,-162.0,1,1,1,,,1,test,NO_EDGE,1
2024-02-24,Sam Hughes,Yazmin Jauregui,Women's Strawweight,3,40.9,40.9,Yazmin Jauregui,85.25,-26.14,26.14,6,Max Value,-1,-800.0,1,1,1,,,1,test,NO_EDGE,1
2024-03-09,Maycee Barber,Katlyn Cerminara,Women's Flyweight,3,74.39,74.39,Maycee Barber,62.25,12.15,12.15,6,Max Value,1,-185.0,1,1,1,,,1,test,CONFIRM_FAV,1
2024-03-23,Daria Zhelezniakova,Montserrat Rendon,Women's Bantamweight,3,50.48,50.48,Daria Zhelezniakova,72.21,-21.73,21.73,6,Max Value,-1,-305.0,1,1,1,,,1,test,NO_EDGE,1
2024-03-23,Amanda Ribas,Rose Namajunas,Women's Flyweight,5,47.92,47.92,Rose Namajunas,65.75,-13.67,13.67,6,Max Value,-1,-218.0,1,1,1,,,1,test,NO_EDGE,0
2024-03-30,Loopy Godinez,Virna Jandiroba,Women's Strawweight,3,70.72,70.72,Loopy Godinez,65.75,4.97,4.97,3,Watch,1,-218.0,1,1,1,,,0,test,CONFIRM_FAV,1
2024-03-30,Erin Blanchfield,Manon Fiorot,Women's Flyweight,5,44.11,44.11,Manon Fiorot,34.25,21.64,21.64,6,Max Value,1,180.0,1,0,0,,,1,test,CONFIRM_DOG,0
2024-04-06,Melissa Mullins,Nora Cornolle,Women's Bantamweight,3,45.92,45.92,Nora Cornolle,24.92,29.16,29.16,6,Max Value,1,285.0,1,0,0,,,1,test,CONFIRM_DOG,0
2024-04-06,Norma Dumont,Germaine de Randamie,Women's Bantamweight,3,51.23,51.23,Norma Dumont,51.08,0.14,0.14,0,Lock,1,-115.0,1,1,1,,,1,test,CONFIRM_FAV,0
2024-04-13,Holly Holm,Kayla Harrison,Women's Bantamweight,3,21.89,21.89,Kayla Harrison,78.67,-0.57,0.57,0,Lock,-1,-455.0,1,1,1,,,1,test,NO_EDGE,0
2024-04-13,Yan Xiaonan,Zhang Weili,Women's Strawweight,5,34.39,34.39,Zhang Weili,78.67,-13.06,13.06,6,Max Value,-1,-455.0,1,1,1,,,1,test,NO_EDGE,1
2024-04-27,Marnic Mann,Ketlen Souza,Women's Strawweight,3,33.23,33.23,Ketlen Souza,74.78,-8.01,8.01,5,Strong Value,-1,-355.0,1,1,1,,,1,test,NO_EDGE,0
2024-05-04,Karolina Kowalkiewicz,Iasmin Lucindo,Women's Strawweight,3,38.1,38.1,Iasmin Lucindo,74.78,-12.87,12.87,6,Max Value,-1,-355.0,1,1,1,,,1,test,NO_EDGE,0
2024-05-11,Veronica Hardy,JJ Aldrich,Women's Flyweight,3,40.83,40.83,JJ Aldrich,48.26,10.91,10.91,6,Max Value,1,-102.0,1,1,1,,,0,test,CONFIRM_FAV,1
2024-05-11,Tabatha Ricci,Tecia Pennington,Women's Strawweight,3,48.63,48.63,Tecia Pennington,42.1,9.27,9.27,5,Strong Value,1,128.0,1,0,0,,,0,test,CONFIRM_DOG,0
2024-06-15,Josefine Knutsson,Julia Polastri,Women's Strawweight,3,62.18,62.18,Josefine Knutsson,64.4,-2.22,2.22,2,Lean,-1,-215.0,1,1,1,,,1,test,NO_EDGE,0
2024-06-15,Carli Judice,Gabriella Fernandes,Women's Flyweight,3,60.89,60.89,Carli Judice,40.66,20.23,20.23,6,Max Value,1,136.0,1,0,0,,,0,test,CONFIRM_DOG,0
2024-06-29,Mayra Bueno Silva,Macy Chiasson,Women's Bantamweight,3,38.07,38.07,Macy Chiasson,52.03,9.9,9.9,5,Strong Value,1,-125.0,1,0,0,,,1,test,CONFIRM_DOG,0
2024-07-13,Rose Namajunas,Tracy Cortez,Women's Flyweight,5,46.82,46.82,Tracy Cortez,31.36,21.82,21.82,6,Max Value,1,200.0,1,0,0,,,0,test,CONFIRM_DOG,0
2024-07-13,Mariya Agapova,Luana Santos,Women's Flyweight,3,29.760000000000005,29.760000000000005,Luana Santos,76.4,-6.17,6.17,4,Value,-1,-425.0,1,1,1,,,1,test,NO_EDGE,1
2024-07-13,Jasmine Jasudavicius,Fatima Kline,Women's Flyweight,3,59.2,59.2,Jasmine Jasudavicius,57.96,1.25,1.25,1,Strong,1,-160.0,1,1,1,,,1,test,CONFIRM_FAV,0
2024-07-20,Amanda Lemos,Virna Jandiroba,Women's Strawweight,5,48.06,48.06,Virna Jandiroba,51.01,0.93,0.93,0,Lock,1,-120.0,1,0,0,,,1,test,CONFIRM_DOG,0
2024-07-27,Bruna Brasil,Molly McCann,Women's Strawweight,3,50.12,50.12,Bruna Brasil,26.93,23.19,23.19,6,Max Value,1,250.0,1,0,0,,,1,test,CONFIRM_DOG,1
2024-08-03,Loopy Godinez,Mackenzie Dern,Women's Strawweight,3,76.82,76.82,Loopy Godinez,44.94,31.88,31.88,6,Max Value,1,110.0,1,0,0,,,0,test,CONFIRM_DOG,1
2024-08-03,Sam Hughes,Viktoriia Dudakova,Women's Strawweight,3,39.82,39.82,Viktoriia Dudakova,65.71,-5.54,5.54,4,Value,-1,-230.0,1,1,1,,,0,test,NO_EDGE,1
2024-08-17,Casey O'Neill,Luana Santos,Women's Flyweight,3,37.48,37.48,Luana Santos,57.96,4.56,4.56,3,Watch,1,-160.0,1,1,1,,,0,test,CONFIRM_FAV,0
2024-08-24,Jacqueline Cavalcanti,Josiane Nunes,Women's Bantamweight,3,67.94,67.94,Jacqueline Cavalcanti,71.36,-3.42,3.42,3,Watch,-1,-290.0,1,1,1,,,1,test,NO_EDGE,0
2024-08-24,Tabatha Ricci,Angela Hill,Women's Strawweight,3,50.64,50.64,Tabatha Ricci,63.09,-12.46,12.46,6,Max Value,-1,-192.0,1,1,1,,,1,test,NO_EDGE,1
2024-09-07,Jaqueline Amorim,Vanessa Demopoulos,Women's Strawweight,3,60.1,60.1,Jaqueline Amorim,69.08,-8.98,8.98,5,Strong Value,-1,-258.0,1,1,1,,,1,test,NO_EDGE,0
2024-09-14,Valentina Shevchenko,Alexa Grasso,Women's Flyweight,5,55.72,55.72,Valentina Shevchenko,45.73,9.99,9.99,5,Strong Value,1,110.0,1,0,0,,,1,test,CONFIRM_DOG,1
2024-09-14,Yazmin Jauregui,Ketlen Souza,Women's Strawweight,3,70.07,70.07,Yazmin Jauregui,80.82,-10.74,10.74,6,Max Value,-1,-535.0,1,1,1,,,0,test,NO_EDGE,0
2024-09-14,Irene Aldana,Norma Dumont,Women's Bantamweight,3,35.44,35.44,Norma Dumont,54.27,10.28,10.28,6,Max Value,1,-130.0,1,1,1,,,1,test,CONFIRM_FAV,0
2024-09-28,Nora Cornolle,Jacqueline Cavalcanti,Women's Bantamweight,3,43.62,43.62,Jacqueline Cavalcanti,64.47,-8.09,8.09,5,Strong Value,-1,-205.0,1,1,1,,,1,test,NO_EDGE,0
2024-09-28,Daria Zhelezniakova,Ailin Perez,Women's Bantamweight,3,28.120000000000005,28.120000000000005,Ailin Perez,68.06,3.83,3.83,3,Watch,1,-245.0,1,1,1,,,1,test,CONFIRM_FAV,1
2024-10-05,Iasmin Lucindo,Marina Rodriguez,Women's Strawweight,3,50.5,50.5,Iasmin Lucindo,62.25,-11.74,11.74,6,Max Value,-1,-185.0,1,1,1,,,1,test,NO_EDGE,1
2024-10-05,Kayla Harrison,Ketlen Vieira,Women's Bantamweight,3,68.63,68.63,Kayla Harrison,88.0,-19.37,19.37,6,Max Value,-1,-1100.0,1,1,1,,,1,test,NO_EDGE,1
2024-10-05,Julianna Pena,Raquel Pennington,Women's Bantamweight,5,38.12,38.12,Raquel Pennington,58.3,3.59,3.59,3,Watch,1,-155.0,1,1,1,,,0,test,CONFIRM_FAV,1
2024-10-12,Julia Polastri,Cory McKenna,Women's Strawweight,3,33.89,33.89,Cory McKenna,50.43,15.68,15.68,6,Max Value,1,-112.0,1,0,0,,,0,test,CONFIRM_DOG,0
2024-10-19,Joselyne Edwards,Tamires Vidal,Women's Bantamweight,3,73.2,73.2,Joselyne Edwards,69.08,4.12,4.12,3,Watch,1,-258.0,1,1,1,,,1,test,CONFIRM_FAV,0
2024-10-19,Melissa Martinez,Alice Ardelean,Women's Strawweight,3,33.86,33.86,Alice Ardelean,41.7,24.44,24.44,6,Max Value,1,130.0,1,0,0,,,0,test,CONFIRM_DOG,0
2024-10-19,Jessica Penne,Elise Reed,Women's Strawweight,3,36.0,36.0,Elise Reed,66.9,-2.9,2.9,2,Lean,-1,-230.0,1,1,1,,,1,test,NO_EDGE,0
2024-11-02,Erin Blanchfield,Rose Namajunas,Women's Flyweight,3,53.24,53.24,Erin Blanchfield,58.3,-5.06,5.06,4,Value,-1,-155.0,1,1,1,,,1,test,NO_EDGE,0
2024-11-02,Ariane da Silva,Jasmine Jasudavicius,Women's Flyweight,3,36.13,36.13,Jasmine Jasudavicius,67.44,-3.57,3.57,3,Watch,-1,-250.0,1,1,1,,,1,test,NO_EDGE,0
2024-11-09,Luana Pinheiro,Gillian Robertson,Women's Strawweight,3,34.8,34.8,Gillian Robertson,79.14,-13.93,13.93,6,Max Value,-1,-470.0,1,1,1,,,1,test,NO_EDGE,0
2024-11-16,Viviane Araujo,Karine Silva,Women's Flyweight,3,34.75,34.75,Karine Silva,71.36,-6.1,6.1,4,Value,-1,-290.0,1,1,1,,,0,test,NO_EDGE,0
2024-11-23,Feng Xiaocan,Shi Ming,Women's Strawweight,3,74.24,74.24,Feng Xiaocan,79.95,-5.71,5.71,4,Value,-1,-490.0,1,1,1,,,0,test,NO_EDGE,1
2024-11-23,Gabriella Fernandes,Wang Cong,Women's Flyweight,3,22.769999999999996,22.769999999999996,Wang Cong,88.49,-11.26,11.26,6,Max Value,-1,-950.0,1,1,1,,,0,test,NO_EDGE,1
2024-11-23,Tabatha Ricci,Yan Xiaonan,Women's Strawweight,3,39.0,39.0,Yan Xiaonan,63.69,-2.69,2.69,2,Lean,-1,-198.0,1,1,1,,,1,test,NO_EDGE,1
2024-12-14,Josefine Knutsson,Piera Rodriguez,Women's Strawweight,3,44.84,44.84,Piera Rodriguez,31.94,23.22,23.22,6,Max Value,1,200.0,1,0,0,,,1,test,CONFIRM_DOG,0
2024-12-14,Miranda Maverick,Jamey-Lyn Horth,Women's Flyweight,3,62.31,62.31,Miranda Maverick,82.71,-20.4,20.4,6,Max Value,-1,-625.0,1,1,1,,,1,test,NO_EDGE,0
2025-01-11,Amanda Ribas,Mackenzie Dern,Women's Strawweight,5,74.99,74.99,Amanda Ribas,63.35,11.64,11.64,6,Max Value,1,-194.0,1,1,1,,,0,test,CONFIRM_FAV,1
2025-01-11,Fatima Kline,Viktoriia Dudakova,Women's Strawweight,3,67.61,67.61,Fatima Kline,85.44,-17.83,17.83,6,Max Value,-1,-800.0,1,1,1,,,1,test,NO_EDGE,0
2025-01-11,Ernesta Kareckaite,Nicolle Caliari,Women's Flyweight,3,60.03,60.03,Ernesta Kareckaite,70.02,-9.99,9.99,5,Strong Value,-1,-270.0,1,1,1,,,1,test,NO_EDGE,0
2025-01-18,Ailin Perez,Karol Rosa,Women's Bantamweight,3,73.48,73.48,Ailin Perez,31.59,41.9,41.9,6,Max Value,1,205.0,1,0,0,,,1,test,CONFIRM_DOG,1
2025-02-01,Mayra Bueno Silva,Jasmine Jasudavicius,Women's Flyweight,3,28.480000000000004,28.480000000000004,Jasmine Jasudavicius,68.54,2.98,2.98,2,Lean,1,-250.0,1,1,1,,,1,test,CONFIRM_FAV,1
2025-02-08,Zhang Weili,Tatiana Suarez,Women's Strawweight,5,42.55,42.55,Tatiana Suarez,57.07,0.38,0.38,0,Lock,1,-146.0,1,1,1,,,0,test,CONFIRM_FAV,0
2025-02-15,Julia Avila,Jacqueline Cavalcanti,Women's Bantamweight,3,26.05,26.05,Jacqueline Cavalcanti,84.48,-10.53,10.53,6,Max Value,-1,-720.0,1,1,1,,,1,test,NO_EDGE,0
2025-02-15,Angela Hill,Ketlen Souza,Women's Strawweight,3,58.58,58.58,Angela Hill,50.89,7.69,7.69,4,Value,1,-112.0,1,1,1,,,1,test,CONFIRM_FAV,0
2025-03-01,Andrea Lee,JJ Aldrich,Women's Flyweight,3,38.05,38.05,JJ Aldrich,61.26,0.68,0.68,0,Lock,1,-176.0,1,1,1,,,1,test,CONFIRM_FAV,0
2025-03-08,Amanda Lemos,Iasmin Lucindo,Women's Strawweight,3,48.06,48.06,Iasmin Lucindo,55.45,-3.51,3.51,3,Watch,-1,-136.0,1,1,1,,,0,test,NO_EDGE,0
2025-03-15,Stephanie Luciano,Sam Hughes,Women's Strawweight,3,53.82,53.82,Stephanie Luciano,60.27,-6.45,6.45,4,Value,-1,-168.0,1,1,1,,,0,test,NO_EDGE,0
2025-03-15,Josiane Nunes,Priscila Cachoeira,Women's Bantamweight,3,63.99,63.99,Josiane Nunes,60.97,3.01,3.01,3,Watch,1,-174.0,1,1,1,,,0,test,CONFIRM_FAV,0
2025-03-15,Yuneisy Duben,Carli Judice,Women's Flyweight,3,26.87,26.87,Carli Judice,72.58,0.56,0.56,0,Lock,1,-310.0,1,1,1,,,1,test,CONFIRM_FAV,0
2025-03-22,Puja Tomar,Shauna Bannon,Women's Strawweight,3,61.54,61.54,Puja Tomar,34.85,26.69,26.69,6,Max Value,1,176.0,1,0,0,,,0,test,CONFIRM_DOG,1
2025-03-22,Alexia Thainara,Molly McCann,Women's Strawweight,3,74.19,74.19,Alexia Thainara,66.6,7.59,7.59,4,Value,1,-225.0,1,1,1,,,1,test,CONFIRM_FAV,1
2025-03-29,Julia Polastri,Loopy Godinez,Women's Strawweight,3,25.14,25.14,Loopy Godinez,67.35,7.52,7.52,4,Value,1,-235.0,1,1,1,,,1,test,CONFIRM_FAV,1
2025-04-05,Loma Lookboonmee,Istela Nunes,Women's Strawweight,3,75.49,75.49,Loma Lookboonmee,86.47,-10.98,10.98,6,Max Value,-1,-900.0,1,1,1,,,1,test,NO_EDGE,0
2025-04-05,Diana Belbita,Dione Barbosa,Women's Flyweight,3,30.79,30.79,Dione Barbosa,88.42,-19.22,19.22,6,Max Value,-1,-1150.0,1,1,1,,,1,test,NO_EDGE,0
2025-04-05,Vanessa Demopoulos,Talita Alencar,Women's Strawweight,3,31.7,31.7,Talita Alencar,49.11,19.2,19.2,6,Max Value,1,-104.0,1,0,0,,,1,test,CONFIRM_DOG,0
2025-04-12,Hailey Cowan,Nora Cornolle,Women's Bantamweight,3,48.71,48.71,Nora Cornolle,66.9,-15.61,15.61,6,Max Value,-1,-230.0,1,1,1,,,1,test,NO_EDGE,1
2025-04-12,Virna Jandiroba,Yan Xiaonan,Women's Strawweight,3,57.27,57.27,Virna Jandiroba,55.07,2.21,2.21,2,Lean,1,-134.0,1,1,1,,,1,test,CONFIRM_FAV,1
2025-04-26,Joselyne Edwards,Chelsea Chandler,Women's Bantamweight,3,73.08,73.08,Joselyne Edwards,71.75,1.34,1.34,1,Strong,1,-295.0,1,1,1,,,1,test,CONFIRM_FAV,1
2025-04-26,Polyana Viana,Jaqueline Amorim,Women's Strawweight,3,43.68,43.68,Jaqueline Amorim,86.47,-30.15,30.15,6,Max Value,-1,-900.0,1,1,1,,,1,test,NO_EDGE,1
2025-05-03,Yana Santos,Miesha Tate,Women's Bantamweight,3,43.12,43.12,Miesha Tate,57.9,-1.02,1.02,1,Strong,-1,-152.0,1,1,1,,,0,test,NO_EDGE,0
2025-05-03,Ivana Petrovic,Juliana Miller,Women's Flyweight,3,59.28,59.28,Ivana Petrovic,67.48,-8.2,8.2,5,Strong Value,-1,-240.0,1,1,1,,,0,test,NO_EDGE,1
2025-05-03,Gillian Robertson,Marina Rodriguez,Women's Strawweight,3,68.53,68.53,Gillian Robertson,70.02,-1.48,1.48,1,Strong,-1,-270.0,1,1,1,,,1,test,NO_EDGE,1
2025-05-10,Jessica Andrade,Jasmine Jasudavicius,Women's Flyweight,3,51.84,51.84,Jessica Andrade,29.56,22.28,22.28,6,Max Value,1,225.0,1,0,0,,,0,test,CONFIRM_DOG,0
2025-05-10,Natalia Silva,Alexa Grasso,Women's Flyweight,3,64.24000000000001,64.24000000000001,Natalia Silva,67.35,-3.1,3.1,3,Watch,-1,-235.0,1,1,1,,,1,test,NO_EDGE,1
2025-05-10,Valentina Shevchenko,Manon Fiorot,Women's Flyweight,5,53.0,53.0,Valentina Shevchenko,44.7,8.29,8.29,5,Strong Value,1,116.0,1,0,0,,,1,test,CONFIRM_DOG,0
2025-05-17,Luana Santos,Tainara Lisboa,Women's Bantamweight,3,75.5,75.5,Luana Santos,59.87,15.63,15.63,6,Max Value,1,-148.0,1,1,1,,,1,test,CONFIRM_FAV,0
2025-05-17,Luana Pinheiro,Tecia Pennington,Women's Strawweight,3,44.28,44.28,Tecia Pennington,73.28,-17.56,17.56,6,Max Value,-1,-320.0,1,1,1,,,1,test,NO_EDGE,1
2025-05-17,Elise Reed,Denise Gomes,Women's Strawweight,3,25.62,25.62,Denise Gomes,81.92,-7.54,7.54,4,Value,-1,-590.0,1,1,1,,,1,test,NO_EDGE,0
2025-05-31,Ketlen Vieira,Macy Chiasson,Women's Featherweight,3,43.17,43.17,Macy Chiasson,56.71,0.11,0.11,0,Lock,1,-144.0,1,1,1,,,0,test,CONFIRM_FAV,0
2025-05-31,Rayanne dos Santos,Alice Ardelean,Women's Strawweight,3,32.98,32.98,Alice Ardelean,34.85,32.17,32.17,6,Max Value,1,176.0,1,0,0,,,1,test,CONFIRM_DOG,0
2025-06-07,Wang Cong,Ariane da Silva,Women's Flyweight,3,63.84,63.84,Wang Cong,82.92,-19.07,19.07,6,Max Value,-1,-650.0,1,1,1,,,1,test,NO_EDGE,1
2025-06-07,Julianna Pena,Kayla Harrison,Women's Bantamweight,5,25.51,25.51,Kayla Harrison,84.0,-9.51,9.51,5,Strong Value,-1,-700.0,1,1,1,,,1,test,NO_EDGE,0
2025-06-14,Vanessa Demopoulos,Jamey-Lyn Horth,Women's Flyweight,3,28.069999999999993,28.069999999999993,Jamey-Lyn Horth,82.82,-10.89,10.89,6,Max Value,-1,-620.0,1,1,1,,,1,test,NO_EDGE,1
2025-06-14,Miranda Maverick,Rose Namajunas,Women's Flyweight,3,53.65,53.65,Miranda Maverick,31.94,21.7,21.7,6,Max Value,1,200.0,1,0,0,,,0,test,CONFIRM_DOG,1
2025-06-21,Klaudia Sygula,Irina Alekseeva,Women's Bantamweight,3,59.94,59.94,Klaudia Sygula,31.94,27.99,27.99,6,Max Value,1,200.0,1,0,0,,,1,test,CONFIRM_DOG,1
2025-06-21,Daria Zhelezniakova,Melissa Mullins,Women's Bantamweight,3,39.64,39.64,Melissa Mullins,68.54,-8.18,8.18,5,Strong Value,-1,-250.0,1,1,1,,,0,test,NO_EDGE,0
2025-06-28,Tracy Cortez,Viviane Araujo,Women's Flyweight,3,70.19,70.19,Tracy Cortez,65.15,5.04,5.04,4,Value,1,-210.0,1,1,1,,,1,test,CONFIRM_FAV,1
2025-07-12,Melissa Martinez,Fatima Kline,Women's Strawweight,3,23.040000000000006,23.040000000000006,Fatima Kline,86.52,-9.56,9.56,5,Strong Value,-1,-1100.0,1,1,1,,,1,test,NO_EDGE,1
2025-07-12,Lauren Murphy,Eduarda Moura,Women's Flyweight,3,26.76,26.76,Eduarda Moura,81.84,-8.6,8.6,5,Strong Value,-1,-650.0,1,1,1,,,1,test,NO_EDGE,0
2025-07-26,Tabatha Ricci,Amanda Ribas,Women's Strawweight,3,37.36,37.36,Amanda Ribas,61.55,1.09,1.09,1,Strong,1,-178.0,1,1,1,,,0,test,CONFIRM_FAV,1
2025-08-02,Ketlen Souza,Piera Rodriguez,Women's Strawweight,3,23.290000000000006,23.290000000000006,Piera Rodriguez,69.01,7.7,7.7,4,Value,1,-255.0,1,1,1,,,1,test,CONFIRM_FAV,1
2025-08-02,Nora Cornolle,Karol Rosa,Women's Bantamweight,3,52.11,52.11,Nora Cornolle,41.31,10.8,10.8,6,Max Value,1,132.0,1,0,0,,,0,test,CONFIRM_DOG,1
2025-08-09,Julija Stoliarenko,Gabriella Fernandes,Women's Flyweight,3,34.59,34.59,Gabriella Fernandes,78.64,-13.23,13.23,6,Max Value,-1,-450.0,1,1,1,,,1,test,NO_EDGE,1
2025-08-09,Priscila Cachoeira,Joselyne Edwards,Women's Bantamweight,3,29.22,29.22,Joselyne Edwards,77.64,-6.87,6.87,4,Value,-1,-420.0,1,1,1,,,1,test,NO_EDGE,1
2025-08-09,Angela Hill,Iasmin Lucindo,Women's Strawweight,3,38.67,38.67,Iasmin Lucindo,60.68,0.66,0.66,0,Lock,1,-172.0,1,1,1,,,1,test,CONFIRM_FAV,1
2025-08-16,Jessica Andrade,Loopy Godinez,Women's Strawweight,3,39.1,39.1,Loopy Godinez,55.45,5.45,5.45,4,Value,1,-136.0,1,1,1,,,1,test,CONFIRM_FAV,0
2025-08-16,Dione Barbosa,Karine Silva,Women's Flyweight,3,59.81,59.81,Dione Barbosa,35.89,23.92,23.92,6,Max Value,1,168.0,1,0,0,,,0,test,CONFIRM_DOG,1
2025-09-06,Sam Hughes,Shauna Bannon,Women's Strawweight,3,64.47999999999999,64.47999999999999,Sam Hughes,70.44,-5.96,5.96,4,Value,-1,-275.0,1,1,1,,,1,test,NO_EDGE,1
2025-09-13,Tatiana Suarez,Amanda Lemos,Women's Strawweight,3,73.87,73.87,Tatiana Suarez,78.12,-4.25,4.25,3,Watch,-1,-430.0,1,1,1,,,1,test,NO_EDGE,0
2025-09-13,Alice Pereira,Montse Rendon,Women's Bantamweight,3,53.23,53.23,Alice Pereira,59.65,-6.42,6.42,4,Value,-1,-164.0,1,1,1,,,0,test,NO_EDGE,1
2025-09-27,Michelle Montague,Luana Carolina,Women's Bantamweight,3,47.51,47.51,Luana Carolina,34.85,17.65,17.65,6,Max Value,1,176.0,1,0,0,,,0,test,CONFIRM_DOG,0
2025-09-27,Alexia Thainara,Loma Lookboonmee,Women's Strawweight,3,63.7,63.7,Alexia Thainara,66.9,-3.2,3.2,3,Watch,-1,-230.0,1,1,1,,,1,test,NO_EDGE,1
2025-10-04,Brogan Walker,Veronica Hardy,Women's Flyweight,3,21.22,21.22,Veronica Hardy,84.99,-6.22,6.22,4,Value,-1,-770.0,1,1,1,,,1,test,NO_EDGE,1
2025-10-04,Yana Santos,Macy Chiasson,Women's Bantamweight,3,27.370000000000005,27.370000000000005,Macy Chiasson,54.0,18.64,18.64,6,Max Value,1,-205.0,1,1,1,,,0,test,CONFIRM_FAV,1
2025-10-11,Karolina Kowalkiewicz,Julia Polastri,Women's Strawweight,3,52.32,52.32,Karolina Kowalkiewicz,18.08,34.24,34.24,6,Max Value,1,430.0,1,0,0,,,0,test,CONFIRM_DOG,1
2025-10-11,Irina Alekseeva,Bia Mesquita,Women's Bantamweight,3,23.019999999999996,23.019999999999996,Bia Mesquita,82.5,-5.52,5.52,4,Value,-1,-600.0,1,1,1,,,1,test,NO_EDGE,1
2025-10-18,Jasmine Jasudavicius,Manon Fiorot,Women's Flyweight,3,37.9,37.9,Manon Fiorot,66.9,-4.8,4.8,3,Watch,-1,-230.0,1,1,1,,,1,test,NO_EDGE,1
2025-10-18,Tainara Lisboa,Melissa Croden,Women's Bantamweight,3,32.099999999999994,32.099999999999994,Melissa Croden,54.67,13.23,13.23,6,Max Value,1,-132.0,1,1,1,,,1,test,CONFIRM_FAV,1
2025-10-18,Ravena Oliveira,Stephanie Luciano,Women's Strawweight,3,24.230000000000004,24.230000000000004,Stephanie Luciano,73.69,2.07,2.07,2,Lean,1,-330.0,1,1,1,,,1,test,CONFIRM_FAV,1
2025-10-25,Mackenzie Dern,Virna Jandiroba,Women's Strawweight,5,42.78,42.78,Virna Jandiroba,44.93,12.29,12.29,6,Max Value,1,114.0,1,0,0,,,0,test,CONFIRM_DOG,1
2025-10-25,Mizuki,Jaqueline Amorim,Women's Strawweight,3,47.9,47.9,Jaqueline Amorim,79.95,-27.85,27.85,6,Max Value,-1,-490.0,1,1,1,,,0,test,NO_EDGE,1
2025-11-01,Ariane Carnelossi,Talita Alencar,Women's Strawweight,3,32.209999999999994,32.209999999999994,Talita Alencar,66.6,1.19,1.19,1,Strong,1,-225.0,1,1,1,,,1,test,CONFIRM_FAV,1
2025-11-01,Alice Ardelean,Montserrat Conejo Ruiz,Women's Strawweight,3,74.07,74.07,Alice Ardelean,75.32,-1.25,1.25,1,Strong,-1,-360.0,1,1,1,,,1,test,NO_EDGE,0
2025-11-01,Ketlen Vieira,Norma Dumont,Women's Bantamweight,3,44.11,44.11,Norma Dumont,60.97,-5.08,5.08,4,Value,-1,-174.0,1,1,1,,,1,test,NO_EDGE,0
2025-11-08,Denise Gomes,Tecia Pennington,Women's Strawweight,3,56.02,56.02,Denise Gomes,63.01,-6.99,6.99,4,Value,-1,-190.0,1,1,1,,,1,test,NO_EDGE,1
2025-11-08,Mayra Bueno Silva,Jacqueline Cavalcanti,Women's Bantamweight,3,27.09,27.09,Jacqueline Cavalcanti,66.13,6.78,6.78,4,Value,1,-220.0,1,1,1,,,1,test,CONFIRM_FAV,0
2025-11-15,Valentina Shevchenko,Zhang Weili,Women's Flyweight,5,59.18,59.18,Valentina Shevchenko,56.35,2.83,2.83,2,Lean,1,-142.0,1,1,1,,,1,test,CONFIRM_FAV,0
2025-11-15,Tracy Cortez,Erin Blanchfield,Women's Flyweight,3,43.65,43.65,Erin Blanchfield,73.69,-17.34,17.34,6,Max Value,-1,-330.0,1,1,1,,,1,test,NO_EDGE,1
2025-11-15,Angela Hill,Fatima Kline,Women's Strawweight,3,35.41,35.41,Fatima Kline,82.2,-17.61,17.61,6,Max Value,-1,-590.0,1,1,1,,,1,test,NO_EDGE,0
2025-12-06,Maycee Barber,Karine Silva,Women's Flyweight,3,73.52,73.52,Maycee Barber,66.13,7.39,7.39,4,Value,1,-220.0,1,1,1,,,1,test,CONFIRM_FAV,0
2025-12-13,Tereza Bleda,Jamey-Lyn Horth,Women's Flyweight,3,55.68,55.68,Tereza Bleda,68.06,-12.38,12.38,6,Max Value,-1,-245.0,1,1,1,,,0,test,NO_EDGE,1
2025-12-13,Luana Santos,Melissa Croden,Women's Bantamweight,3,58.72,58.72,Luana Santos,55.45,3.27,3.27,3,Watch,1,-136.0,1,1,1,,,1,test,CONFIRM_FAV,1
2026-01-24,Natalia Silva,Rose Namajunas,Women's Flyweight,3,57.0,57.0,Natalia Silva,73.69,-16.7,16.7,6,Max Value,-1,-330.0,1,1,1,,,1,test,NO_EDGE,0
2026-02-07,Klaudia Sygula,Priscila Cachoeira,Women's Bantamweight,3,46.98,46.98,Priscila Cachoeira,37.52,15.49,15.49,6,Max Value,1,156.0,1,0,0,,,0,test,CONFIRM_DOG,0
2026-02-07,Ketlen Souza,Bruna Brasil,Women's Strawweight,3,59.32,59.32,Ketlen Souza,57.9,1.42,1.42,1,Strong,1,-152.0,1,1,1,,,1,test,CONFIRM_FAV,1
2026-02-21,Carli Judice,Juliana Miller,Women's Flyweight,3,68.32,68.32,Carli Judice,86.06,-17.74,17.74,6,Max Value,-1,-850.0,1,1,1,,,1,test,NO_EDGE,1
2026-02-21,Joselyne Edwards,Nora Cornolle,Women's Bantamweight,3,50.2,50.2,Joselyne Edwards,72.13,-21.93,21.93,6,Max Value,-1,-300.0,1,1,1,,,1,test,NO_EDGE,1
2026-02-28,Macy Chiasson,Ailin Perez,Women's Bantamweight,3,32.040000000000006,32.040000000000006,Ailin Perez,61.83,6.12,6.12,4,Value,1,-180.0,1,1,1,,,1,test,CONFIRM_FAV,1
2026-03-14,Amanda Lemos,Gillian Robertson,Women's Strawweight,3,30.5,30.5,Gillian Robertson,67.48,2.02,2.02,2,Lean,1,-240.0,1,1,1,,,1,test,CONFIRM_FAV,0
2026-03-14,Sam Hughes,Piera Rodriguez,Women's Strawweight,3,29.489999999999995,29.489999999999995,Piera Rodriguez,57.9,12.61,12.61,6,Max Value,1,-152.0,1,1,1,,,1,test,CONFIRM_FAV,1
2026-03-14,Montse Rendon,Bia Mesquita,Women's Bantamweight,3,28.650000000000006,28.650000000000006,Bia Mesquita,84.75,-13.4,13.4,6,Max Value,-1,-750.0,1,1,1,,,1,test,NO_EDGE,1
2026-03-21,Shanelle Dyer,Ravena Oliveira,Women's Strawweight,3,61.7,61.7,Shanelle Dyer,77.87,-16.17,16.17,6,Max Value,-1,-450.0,1,1,1,,,1,test,NO_EDGE,0
2026-03-28,Bruna Brasil,Alexia Thainara,Women's Strawweight,3,18.870000000000005,18.870000000000005,Alexia Thainara,78.06,3.07,3.07,3,Watch,1,-480.0,1,1,1,,,1,test,CONFIRM_FAV,1
2026-03-28,Gabriella Fernandes,Casey O'Neill,Women's Flyweight,3,45.62,45.62,Casey O'Neill,50.0,4.38,4.38,3,Watch,1,-113.0,1,1,1,,,1,test,CONFIRM_FAV,1
2026-03-28,Alexa Grasso,Maycee Barber,Women's Flyweight,3,31.44,31.44,Maycee Barber,57.84,10.72,10.72,6,Max Value,1,-158.0,1,1,1,,,0,test,CONFIRM_FAV,0
